timestamp,repetition,size_bytes,min_send,max_send,avg_send,std_dev_send,avg_buffer_setup,avg_wr_setup,avg_poll,window_init,rvsocket_setup,rvconnect,min_recv,max_recv,avg_recv,std_dev_recv,rvbind,rvaccept
14:45:35.331,1,1,13.010,29.780,13.540,1.174,13.208,0.049,12.154,223.200,15.440,18448.103,0.090,87.550,25.938,3.716,3.760,20106.665
14:45:37.477,1,4,13.060,46.880,13.610,1.369,13.278,0.050,12.221,224.500,5.930,9728.732,0.090,107.380,26.118,4.216,5.100,19486.604
14:45:39.624,1,16,13.220,32.800,13.661,0.930,13.320,0.049,12.265,218.040,6.470,9371.562,0.090,104.360,26.227,4.106,5.840,18876.183
14:45:41.772,1,64,13.120,32.320,13.573,0.789,13.241,0.049,12.256,222.790,6.010,9422.572,0.113,71.024,17.253,2.358,2.857,12463.983
14:45:43.919,1,256,12.150,29.160,13.453,0.774,13.122,0.049,12.312,220.120,7.040,9344.011,0.080,105.300,26.016,4.142,4.280,18803.343
14:45:46.067,1,1024,12.790,36.090,13.264,1.190,12.935,0.049,12.207,218.890,6.260,9288.711,0.080,105.030,25.740,3.943,4.710,18852.973
14:45:48.215,1,4096,13.480,47.200,14.455,1.344,14.112,0.050,13.224,219.760,5.960,9471.201,0.080,112.860,28.063,4.306,4.390,18797.263
14:45:50.366,1,16384,15.490,32.320,16.296,1.026,15.958,0.050,14.892,214.380,5.860,9324.091,0.190,114.640,31.768,4.040,5.550,7429.259
14:45:52.529,1,65536,22.690,54.520,23.517,1.423,23.180,0.049,20.304,215.740,5.780,9140.931,0.320,111.440,45.286,4.174,4.320,7517.189
14:45:54.728,1,262144,52.120,73.680,53.195,1.792,52.850,0.050,40.332,221.300,7.380,9693.372,29.330,179.470,98.500,5.384,5.160,18636.743
14:45:57.089,1,1048576,167.280,189.360,170.508,2.267,170.101,0.061,117.251,218.020,5.930,9232.062,224.530,394.800,311.299,7.493,4.520,19000.143

14:45:58.950,2,1,12.540,30.580,13.192,0.808,12.846,0.050,11.909,217.840,5.660,9342.601,0.090,87.850,25.246,4.134,4.530,18800.393
14:46:01.099,2,4,13.120,34.400,13.572,1.250,13.237,0.050,12.169,218.260,8.410,9307.071,0.090,104.770,25.998,3.842,5.040,19473.454
14:46:03.246,2,16,13.150,30.520,13.550,0.807,13.222,0.049,12.178,222.870,6.040,9263.282,0.090,92.370,25.945,3.809,4.700,18533.153
14:46:05.393,2,64,12.970,31.690,13.484,0.998,13.147,0.050,12.184,222.920,6.840,9392.881,0.170,91.640,25.931,4.089,4.430,18825.023
14:46:07.541,2,256,13.010,34.280,13.503,1.020,13.168,0.049,12.263,221.990,5.930,9380.341,0.053,70.451,17.224,2.742,3.090,12448.434
14:46:09.688,2,1024,12.700,18.890,13.151,0.432,12.821,0.049,12.380,218.180,6.750,9241.971,0.170,107.050,25.759,3.990,4.080,18983.233
14:46:11.839,2,4096,13.770,32.130,14.423,0.979,14.082,0.049,13.148,220.060,6.070,9228.522,0.080,108.640,27.931,4.098,5.630,19079.793
14:46:13.990,2,16384,15.900,47.530,16.389,1.383,16.060,0.049,14.959,221.360,6.700,9270.611,0.230,99.800,31.895,3.786,4.420,18907.523
14:46:16.151,2,65536,22.930,54.180,23.778,1.260,23.446,0.050,20.741,214.910,6.020,9379.461,0.220,127.150,45.959,4.262,3.880,18828.723
14:46:18.351,2,262144,51.850,69.960,52.781,1.238,52.418,0.058,39.841,215.800,6.420,9368.651,10.350,163.680,97.505,5.225,5.570,18899.143
14:46:20.713,2,1048576,167.850,191.110,170.521,2.260,170.078,0.063,118.130,213.440,6.170,9497.541,230.540,391.800,312.319,7.299,4.710,18876.083

14:46:22.573,3,1,10.850,32.110,13.407,0.994,13.068,0.050,12.037,217.320,5.740,9314.202,0.090,110.090,25.720,4.215,4.960,18907.563
14:46:24.721,3,4,13.020,30.980,13.480,0.852,13.151,0.050,12.155,223.680,6.520,9310.031,0.090,91.660,25.856,3.704,4.030,18849.803
14:46:26.868,3,16,12.600,32.470,13.200,1.005,12.866,0.049,11.824,221.130,5.640,20854.996,0.080,105.790,25.173,3.903,3.070,12767.228
14:46:29.015,3,64,12.190,29.630,12.882,0.927,12.543,0.049,11.663,214.340,6.530,9246.782,0.080,87.150,24.661,3.680,3.600,18871.133
14:46:31.160,3,256,11.520,34.230,11.992,1.196,11.648,0.050,10.698,213.130,5.480,9166.791,0.080,102.140,22.910,3.747,4.540,19088.343
14:46:33.311,3,1024,12.480,30.080,12.904,0.863,12.571,0.049,11.968,209.390,7.360,9117.611,0.160,102.290,25.133,3.857,5.450,19120.613
14:46:35.461,3,4096,13.940,39.340,14.410,1.403,14.068,0.049,13.154,222.740,5.470,9244.842,0.080,95.590,27.889,3.599,4.050,18974.233
14:46:37.611,3,16384,15.880,61.340,16.414,2.153,16.073,0.050,14.851,220.730,6.140,9254.001,0.240,111.510,31.830,4.393,4.840,18923.553
14:46:39.774,3,65536,23.000,49.870,23.915,1.154,23.579,0.049,21.062,214.450,5.530,9259.771,0.330,110.640,46.405,4.164,4.680,19004.103
14:46:41.973,3,262144,51.830,75.340,53.004,1.634,52.671,0.050,39.790,220.990,5.820,9298.331,26.760,178.920,97.853,5.104,4.260,18826.573
14:46:44.335,3,1048576,167.130,187.760,170.229,2.059,169.829,0.064,117.939,213.060,5.740,9338.821,219.740,393.750,312.002,7.343,5.000,18816.913

14:46:46.196,4,1,13.100,33.430,13.531,0.808,13.193,0.049,12.135,216.730,5.810,9351.201,0.090,107.120,25.946,4.175,5.380,18839.133
14:46:48.343,4,4,13.260,51.900,13.698,1.357,13.356,0.049,12.249,222.300,6.160,9352.511,0.180,111.720,26.213,4.075,4.420,18904.073
14:46:50.491,4,16,13.110,32.970,13.575,1.000,13.242,0.049,12.175,218.800,6.760,9235.171,0.180,90.000,25.967,3.769,4.670,18879.753
14:46:52.639,4,64,13.030,40.550,13.468,1.268,13.138,0.049,12.251,206.390,9.960,20957.096,0.080,110.100,25.992,4.164,4.470,18970.793
14:46:54.787,4,256,13.150,38.770,13.674,1.265,13.342,0.049,12.392,215.550,5.960,9284.482,0.170,109.620,26.307,4.113,5.650,18909.753
14:46:56.933,4,1024,10.060,37.390,13.050,1.336,12.711,0.049,11.989,220.320,6.000,9252.471,0.080,92.940,25.253,3.641,4.420,18996.693
14:46:59.083,4,4096,13.990,38.560,14.428,1.153,14.092,0.049,13.197,213.380,7.290,9325.911,0.080,89.250,27.939,3.619,4.310,18814.693
14:47:01.234,4,16384,15.610,39.100,16.116,0.981,15.783,0.049,14.767,211.730,5.180,9058.431,0.230,93.370,31.448,4.006,4.810,19072.323
14:47:03.397,4,65536,23.210,47.880,23.941,1.496,23.608,0.050,20.779,219.440,6.100,9542.141,0.220,126.810,46.223,4.618,4.740,18611.653
14:47:05.592,4,262144,49.890,73.280,51.272,1.379,50.923,0.050,38.220,220.710,5.890,9308.281,28.690,172.960,94.399,5.147,4.300,18876.473
14:47:07.957,4,1048576,166.760,188.730,170.155,2.217,169.752,0.058,117.540,212.410,5.710,9350.031,226.820,393.020,311.365,7.506,4.820,18815.623

14:47:09.818,5,1,13.100,31.410,13.639,0.819,13.309,0.049,12.267,226.420,5.800,9235.791,0.080,89.590,26.124,3.733,4.460,18796.693
14:47:11.966,5,4,13.070,35.820,13.605,1.458,13.272,0.049,12.172,218.580,6.920,9402.672,0.110,105.870,26.051,4.237,4.890,18891.073
14:47:14.112,5,16,12.830,46.080,13.325,1.313,12.992,0.049,11.876,213.980,6.000,9374.341,0.190,107.560,25.430,4.051,4.520,18921.323
14:47:16.261,5,64,12.870,38.000,13.557,1.228,13.214,0.049,12.236,216.190,6.810,9408.752,0.080,108.780,26.043,4.196,5.250,18883.423
14:47:18.408,5,256,13.140,41.850,13.619,1.142,13.285,0.049,12.319,221.930,5.790,9329.582,0.080,92.970,26.156,3.968,4.640,18870.563
14:47:20.554,5,1024,12.380,32.110,12.835,0.975,12.508,0.049,11.780,215.910,5.590,21364.346,0.150,106.160,24.879,4.065,4.250,18940.893
14:47:22.708,5,4096,13.390,48.980,14.266,1.592,13.927,0.049,13.010,222.810,5.660,9278.061,0.053,60.845,18.282,2.448,2.831,12474.629
14:47:24.860,5,16384,15.480,52.190,16.339,1.343,15.996,0.049,14.847,219.890,7.380,9210.351,0.080,97.820,31.755,4.046,4.680,18751.833
14:47:27.021,5,65536,22.980,51.680,23.836,1.277,23.495,0.049,20.578,222.650,5.960,9343.081,0.132,82.736,30.395,2.860,3.179,12473.912
14:47:29.222,5,262144,52.050,72.810,53.063,1.508,52.725,0.050,40.376,214.310,6.040,9411.641,9.970,168.240,98.352,5.401,4.810,18818.843
14:47:31.582,5,1048576,167.010,182.800,170.360,2.170,169.966,0.061,117.276,221.370,6.080,9299.042,219.150,397.850,311.319,7.374,4.790,18870.513

14:47:33.445,6,1,13.060,34.240,13.470,0.933,13.136,0.049,12.093,219.960,6.020,9296.251,0.090,88.730,25.798,3.220,3.770,18983.203
14:47:35.589,6,4,11.060,40.500,12.096,1.417,11.753,0.049,10.711,221.650,5.960,9329.402,0.080,106.180,23.083,4.248,4.610,18905.193
14:47:37.739,6,16,13.070,34.120,13.588,1.027,13.253,0.049,12.197,214.580,6.200,9321.771,0.160,90.180,25.984,3.594,5.620,18914.533
14:47:39.887,6,64,13.070,46.080,13.623,1.274,13.286,0.053,12.324,221.090,5.610,9359.771,0.080,107.580,26.181,3.865,4.500,18817.103
14:47:42.034,6,256,12.850,30.770,13.606,0.824,13.252,0.049,12.369,220.990,5.860,9222.341,0.080,90.890,26.228,4.047,4.320,19002.713
14:47:44.180,6,1024,12.260,47.260,12.847,1.416,12.510,0.049,11.806,209.370,5.770,9338.651,0.080,86.110,24.876,3.594,4.560,18855.433
14:47:48.472,6,4096,13.740,52.950,14.258,1.635,13.927,0.050,2176.448,215.650,5.950,9255.141,0.080,2141731.193,2190.585,68033.433,5.400,18977.593
14:47:50.630,6,16384,15.510,48.920,16.076,1.191,15.683,0.050,14.542,225.420,5.860,9339.611,0.080,113.940,31.212,3.995,4.290,18844.313
14:47:52.792,6,65536,23.220,50.030,23.944,1.378,23.607,0.049,20.903,215.110,6.780,9322.081,0.220,111.990,46.338,4.388,4.130,18886.833
14:47:54.992,6,262144,51.950,71.780,53.041,1.580,52.689,0.050,40.215,223.080,5.850,9457.672,37.160,179.130,98.205,5.110,4.830,18570.843
14:47:57.352,6,1048576,166.720,181.440,170.401,2.135,169.993,0.060,117.406,222.890,5.760,9404.312,223.990,399.391,311.409,7.001,3.780,18798.713

14:47:59.210,7,1,10.770,41.500,11.716,1.312,11.387,0.049,10.268,214.990,5.860,9362.931,0.080,103.020,22.214,3.949,7.430,18908.823
14:48:01.358,7,4,11.670,21.520,11.956,0.523,11.625,0.049,10.607,225.530,6.570,9324.671,0.170,87.420,22.757,3.289,4.490,18837.533
14:48:05.652,7,16,12.950,29.700,13.650,0.859,13.306,0.049,2175.839,215.590,6.490,9301.271,0.130,2105607.888,2153.501,66885.965,7.220,7415.539
14:48:07.803,7,64,13.180,34.940,13.609,1.024,13.270,0.050,12.298,217.350,5.570,9484.912,0.170,107.200,26.131,3.972,4.910,18738.303
14:48:09.951,7,256,11.280,66.290,13.602,1.954,13.267,0.049,12.349,219.540,6.060,9260.131,0.180,89.670,26.157,4.131,5.970,18932.243
14:48:12.098,7,1024,12.630,55.980,13.179,1.817,12.842,0.049,12.086,219.850,5.800,9259.451,0.080,105.540,25.500,3.929,4.460,18871.633
14:48:14.248,7,4096,13.830,30.950,14.332,0.988,13.979,0.067,13.024,212.600,7.330,9293.001,0.080,92.850,27.690,3.876,4.360,18941.943
14:48:16.400,7,16384,15.780,58.530,16.225,1.613,15.894,0.050,14.714,216.050,5.730,9270.281,0.080,93.180,31.509,3.964,5.240,18967.073
14:48:18.561,7,65536,22.770,46.140,23.635,1.125,23.302,0.049,20.993,219.050,5.860,9284.442,0.280,129.280,46.117,4.436,4.430,18788.953
14:48:20.762,7,262144,51.830,72.960,53.041,1.491,52.682,0.050,40.577,216.910,5.840,9351.471,12.060,167.240,98.562,5.412,3.990,18798.223
14:48:23.122,7,1048576,167.250,187.600,170.324,2.099,169.911,0.064,117.432,217.910,7.900,32411.729,225.370,408.521,311.414,7.481,5.570,19427.144

14:48:24.984,8,1,13.130,31.220,13.600,0.985,13.259,0.051,12.123,219.100,6.720,9331.501,0.090,105.100,26.037,4.003,4.330,18903.523
14:48:27.132,8,4,13.170,53.090,13.701,1.481,13.367,0.049,12.267,218.160,5.980,9358.651,0.100,108.260,26.240,3.990,4.860,18834.453
14:48:29.278,8,16,12.980,47.240,13.478,1.194,13.144,0.049,12.081,220.440,5.960,9431.121,0.100,88.550,25.778,3.796,5.250,18780.553
14:48:31.426,8,64,13.050,51.490,13.563,1.455,13.221,0.050,12.243,216.290,5.710,9342.211,0.080,108.650,26.052,3.927,5.450,18876.053
14:48:33.574,8,256,12.980,50.760,13.498,1.521,13.156,0.050,12.223,221.840,5.710,9150.251,0.080,94.880,25.931,3.655,3.940,18915.523
14:48:35.720,8,1024,12.510,35.340,12.932,1.118,12.604,0.049,12.029,216.000,6.050,9255.641,0.080,106.390,25.211,4.352,4.500,18999.713
14:48:37.867,8,4096,12.490,55.380,12.897,1.403,12.565,0.049,11.791,216.380,6.090,9299.551,0.250,104.020,25.027,3.732,4.210,18897.653
14:48:40.021,8,16384,15.830,47.470,16.345,1.503,16.007,0.049,14.598,217.750,6.090,9383.341,0.080,95.940,31.500,4.304,4.710,18783.953
14:48:42.180,8,65536,21.610,51.070,22.452,1.410,22.117,0.050,19.650,221.950,5.610,9195.471,0.170,107.050,43.511,4.267,4.540,19005.283
14:48:44.382,8,262144,51.720,74.870,52.952,1.387,52.611,0.050,39.797,215.430,5.390,9295.511,27.030,176.060,97.628,4.952,4.490,18891.063
14:48:46.744,8,1048576,167.150,187.240,170.217,2.245,169.802,0.065,117.453,217.250,5.880,9354.811,221.160,401.030,311.495,7.497,5.310,18886.013

14:48:48.606,9,1,13.020,37.270,13.414,1.153,13.082,0.049,12.061,218.970,5.810,9287.571,0.090,110.000,25.734,3.755,4.270,18948.743
14:48:50.753,9,4,13.020,52.530,13.549,1.445,13.211,0.050,12.123,218.660,6.970,9331.411,0.090,89.430,25.896,3.834,4.840,18839.863
14:48:52.901,9,16,13.060,47.880,13.636,1.330,13.297,0.050,12.149,221.460,5.730,9299.551,0.080,108.110,26.048,3.974,5.180,18794.463
14:48:55.048,9,64,13.100,27.970,13.523,0.700,13.189,0.050,12.156,221.640,8.680,9161.931,0.053,63.068,17.136,2.349,4.430,18489.852
14:48:57.196,9,256,13.050,48.380,13.750,1.479,13.417,0.050,12.425,222.370,6.060,9238.211,0.080,109.410,26.433,4.212,4.500,18978.413
14:48:59.343,9,1024,12.690,33.710,13.120,0.957,12.780,0.049,12.145,220.200,5.680,9329.191,0.170,88.890,25.508,3.510,4.850,18873.243
14:49:01.493,9,4096,14.080,53.840,14.542,1.455,14.202,0.050,13.118,216.810,6.480,9314.311,0.170,90.040,27.981,3.720,5.190,18848.923
14:49:03.644,9,16384,10.445,20.400,10.717,0.539,10.496,0.033,9.750,218.300,3.915,6207.897,0.165,73.078,20.848,2.677,4.660,18812.353
14:49:05.806,9,65536,23.210,59.440,23.837,1.589,23.499,0.054,21.126,216.310,7.420,9276.731,0.440,114.930,46.404,4.217,4.380,18898.843
14:49:08.003,9,262144,50.240,75.560,51.468,1.489,51.134,0.049,38.548,219.140,6.780,9416.402,26.740,184.740,94.912,5.253,4.470,18734.173
14:49:08.279,9,1048576,,,,,,,,224.740,15.260,,,,,,,

14:49:10.083,10,1,13.100,33.920,13.846,1.412,13.485,0.049,1504.563,222.170,5.950,9348.761,0.190,1475024.876,1501.541,46620.215,5.600,18873.223
14:49:12.228,10,4,12.650,34.530,13.241,1.406,12.897,0.049,1849.421,211.160,6.810,9416.881,0.073,1205645.582,1222.394,38106.263,3.466,12422.111
14:49:14.372,10,16,11.300,40.720,11.768,1.649,11.425,0.052,1850.534,209.840,5.590,9353.422,0.080,1822964.642,1845.326,57617.665,5.540,18895.953
14:49:16.524,10,64,12.560,48.830,13.374,1.756,13.033,0.049,1854.670,218.480,7.850,9304.781,0.090,1825583.865,1851.223,57700.347,4.570,18802.233
14:49:18.671,10,256,13.110,41.100,13.633,1.595,13.292,0.049,1837.383,217.630,7.090,21357.226,0.140,1808032.964,1834.191,57145.600,3.990,18761.933
14:49:20.816,10,1024,10.800,29.650,11.708,1.043,11.364,0.049,1850.413,215.360,5.820,9374.302,0.090,1822441.902,1845.235,57601.130,4.340,18804.923
14:49:22.968,10,4096,13.930,50.620,14.533,1.690,14.194,0.049,1854.322,217.060,6.070,9264.911,0.080,1823998.663,1852.104,57650.166,4.920,18899.173
14:49:25.118,10,16384,15.790,40.340,16.288,1.515,15.943,0.049,1851.129,214.800,6.950,9359.591,0.080,1819397.088,1850.827,57504.619,4.980,18853.103
14:49:27.280,10,65536,22.650,51.300,23.520,1.512,23.179,0.050,1853.862,217.420,5.980,9358.182,0.290,1815931.284,1861.764,57394.620,4.320,18793.643
14:49:29.477,10,262144,50.120,66.230,51.411,1.397,51.051,0.050,1857.946,218.930,6.050,9403.281,27.220,1790516.252,1885.612,56589.770,4.550,18707.573
14:49:31.842,10,1048576,131.450,189.000,170.715,2.811,170.303,0.064,1886.171,220.410,6.540,9363.802,229.640,1751943.685,2064.153,55363.741,4.120,18797.113

14:49:33.699,11,1,11.270,44.000,11.752,1.423,11.410,0.049,1562.764,213.410,5.740,9420.092,0.090,1535390.860,1557.694,48528.334,4.860,18757.643
14:49:35.850,11,4,13.080,47.190,13.553,1.427,13.216,0.049,1855.160,215.220,5.890,9342.391,0.110,1825878.826,1851.860,57709.659,5.600,18875.373
14:49:37.994,11,16,11.350,42.650,11.840,1.523,11.496,0.049,1849.906,219.930,5.590,9308.511,0.190,1822375.511,1844.844,57599.041,4.500,18872.823
14:49:40.146,11,64,13.150,33.810,13.628,1.158,13.278,0.050,1851.476,220.720,6.360,9185.311,0.080,1821782.461,1848.027,57580.178,4.450,19009.723
14:49:42.294,11,256,12.870,37.000,13.388,1.210,13.037,0.049,1845.705,208.210,5.570,9316.841,0.200,1816303.754,1842.080,57407.027,4.980,18997.413
14:49:44.441,11,1024,12.750,35.160,13.210,1.395,12.877,0.049,1850.112,218.890,6.970,9306.411,0.080,1820824.320,1846.473,57549.912,4.980,18775.853
14:49:46.590,11,4096,13.880,45.830,14.386,1.488,14.042,0.050,1850.680,216.860,6.170,9227.231,0.180,1820305.649,1848.195,57533.448,4.720,18932.393
14:49:48.741,11,16384,13.650,50.840,15.880,1.703,15.534,0.050,1849.322,214.620,5.630,9353.281,0.080,1829122.830,1860.038,57812.036,4.510,7483.899
14:49:50.903,11,65536,22.620,41.210,23.690,1.303,23.343,0.050,1854.793,216.430,5.980,9382.571,0.250,1817258.075,1862.906,57436.562,4.300,18824.963
14:49:53.101,11,262144,49.360,82.530,51.491,1.791,51.143,0.049,1808.961,210.030,8.370,32455.700,29.320,1739844.950,1834.984,54988.202,5.010,20405.995
14:49:55.465,11,1048576,134.450,185.180,170.272,2.607,169.854,0.063,1885.467,219.750,5.990,9177.191,225.590,1751274.404,2062.982,55342.603,4.220,18965.793

14:49:57.326,12,1,12.660,43.480,13.448,1.585,13.103,0.049,1563.823,214.450,6.270,9315.162,0.090,1534731.229,1560.414,48507.378,4.690,18810.963
14:49:59.473,12,4,13.150,34.950,13.656,1.453,13.313,0.049,1837.263,218.160,5.880,9499.001,0.090,1808217.984,1834.245,57151.452,4.300,18673.633
14:50:01.620,12,16,8.644,24.906,9.005,0.961,8.770,0.043,1196.345,215.950,3.868,6130.120,0.073,1176477.105,1193.650,37184.323,4.430,18882.153
14:50:03.769,12,64,8.691,21.410,9.038,0.801,8.813,0.032,1226.503,220.400,3.875,6214.146,0.053,1198679.058,1215.961,37886.056,4.530,18834.973
14:50:05.912,12,256,11.300,30.490,11.844,1.193,11.495,0.049,1845.747,225.810,6.230,9325.151,0.080,1817724.206,1840.314,57452.024,4.600,19203.284
14:50:08.062,12,1024,12.580,32.410,13.109,1.318,12.761,0.049,1854.221,221.010,7.180,9402.372,0.080,1825241.995,1850.616,57689.550,5.110,18787.973
14:50:10.213,12,4096,14.000,37.810,14.532,1.532,14.177,0.052,1841.394,224.210,5.890,20812.235,0.090,1822520.332,1850.578,57603.442,4.550,7465.379
14:50:12.364,12,16384,15.870,51.440,16.472,1.831,16.117,0.050,1840.040,219.500,5.840,21318.796,0.080,1808114.044,1839.997,57147.982,4.150,18797.683
14:50:14.525,12,65536,22.790,46.230,23.712,1.473,23.362,0.050,1853.648,210.730,6.220,9277.411,0.490,1815603.533,1861.677,57384.253,4.390,18887.593
14:50:16.725,12,262144,51.660,74.090,52.786,1.431,52.435,0.050,1858.865,214.550,5.870,9258.111,29.910,1802163.787,1899.680,56957.836,3.950,18864.673
14:50:19.086,12,1048576,133.880,187.750,170.434,2.890,170.013,0.063,1884.520,213.710,6.100,9270.131,233.560,1738699.359,2050.229,54945.149,4.390,18927.373

14:50:20.948,13,1,13.050,45.670,13.597,1.612,13.261,0.049,1565.363,217.330,6.120,9258.462,0.090,1536068.041,1562.035,48549.622,5.370,18959.833
14:50:23.095,13,4,13.110,33.370,13.572,0.992,13.230,0.050,1850.967,217.500,6.090,9215.801,0.073,1206269.791,1223.473,38125.978,2.965,12531.957
14:50:25.243,13,16,13.030,47.540,13.633,1.671,13.281,0.050,1850.171,214.250,5.730,9390.241,0.120,1820963.190,1846.897,57554.293,4.720,18830.963
14:50:27.390,13,64,12.820,48.190,13.477,1.838,13.129,0.049,1851.555,212.680,7.150,9371.901,0.080,1822525.432,1848.221,57603.678,5.470,18831.133
14:50:29.538,13,256,13.110,33.500,13.568,1.172,13.228,0.049,1852.492,222.920,5.980,9247.381,0.090,1822973.012,1849.112,57617.811,5.260,18878.603
14:50:31.685,13,1024,12.750,51.110,13.208,1.673,12.871,0.049,1850.746,222.620,6.160,9224.741,0.200,1821529.190,1847.079,57572.194,5.790,18868.353
14:50:33.836,13,4096,13.890,53.680,14.502,1.734,14.157,0.049,1852.222,219.970,5.960,9358.951,0.080,1821883.401,1849.932,57583.311,4.330,18845.963
14:50:35.986,13,16384,15.550,51.770,16.177,1.703,15.832,0.049,1850.994,212.350,5.620,9404.832,0.080,1819430.798,1850.730,57505.689,5.110,18807.463
14:50:38.148,13,65536,23.200,42.200,24.036,1.353,23.689,0.050,1854.407,220.470,5.950,9392.012,0.210,1817002.835,1862.958,57428.484,4.230,18729.883
14:50:40.347,13,262144,51.320,95.130,52.871,2.218,52.523,0.049,1847.327,215.430,6.290,20876.655,7.570,1802204.587,1899.621,56959.129,4.370,7481.079
14:50:42.707,13,1048576,133.500,184.710,169.355,2.742,168.949,0.061,1883.673,222.340,5.550,9394.882,234.840,1749943.473,2060.195,55300.582,4.230,18808.673

14:50:44.570,14,1,13.130,50.530,13.659,1.647,13.316,0.050,1567.509,222.130,5.660,9423.682,0.170,1538367.584,1564.380,48622.302,2.905,12437.062
14:50:46.718,14,4,13.140,36.590,13.648,1.310,13.306,0.049,1843.914,218.100,6.240,9561.892,0.120,1802945.268,1828.993,56984.797,4.570,18744.513
14:50:48.862,14,16,11.780,52.310,12.176,1.738,11.841,0.049,1849.221,215.110,7.510,9325.311,0.110,1809437.256,1832.566,57190.082,5.720,18880.233
14:50:51.012,14,64,13.140,36.960,13.595,1.070,13.255,0.049,1855.237,218.110,5.790,9251.322,0.080,1825805.726,1851.825,57707.348,5.760,18994.693
14:50:53.160,14,256,13.210,34.190,13.668,1.109,13.327,0.052,1851.847,221.100,6.160,9400.972,0.080,1833691.465,1860.031,57956.582,3.610,7437.939
14:50:55.307,14,1024,12.570,51.290,13.162,1.699,12.824,0.049,1847.896,218.720,6.360,9424.621,0.090,1818801.437,1844.315,57485.980,4.000,18805.513
14:50:57.457,14,4096,9.199,34.961,9.636,1.224,9.406,0.033,1220.579,215.290,5.395,14097.358,0.053,1207009.509,1225.538,38149.317,4.440,7448.969
14:50:59.606,14,16384,13.870,49.470,14.826,1.732,14.486,0.049,1850.090,216.950,6.270,9254.251,0.080,1819734.138,1848.268,57515.364,5.260,18894.323
14:51:01.770,14,65536,23.010,43.280,23.945,1.216,23.608,0.050,1857.393,216.520,5.990,9243.602,0.270,1819222.228,1865.614,57498.619,5.890,18916.503
14:51:03.966,14,262144,50.340,74.040,51.559,1.578,51.202,0.050,1857.394,212.540,7.120,9237.581,22.920,1801797.826,1896.884,56946.346,5.070,18887.273
14:51:06.330,14,1048576,134.560,190.720,169.579,2.714,169.147,0.072,1878.867,223.760,5.840,9406.732,222.710,1745243.897,2055.644,55152.038,5.360,18776.273

14:51:08.193,15,1,13.060,49.650,13.662,1.670,13.317,0.049,1565.972,221.100,6.360,9299.841,0.080,1536644.351,1562.401,48567.844,4.330,18872.823
14:51:10.337,15,4,11.560,44.270,12.220,1.834,11.888,0.049,1839.163,221.700,6.820,9239.671,0.110,1811189.568,1834.701,57245.456,4.260,18936.663
14:51:12.487,15,16,12.970,48.470,13.504,1.550,13.167,0.050,1853.828,219.440,5.860,9385.442,0.120,1824719.805,1850.533,57673.032,5.320,18714.143
14:51:14.635,15,64,13.160,36.740,13.655,1.344,13.309,0.049,1852.486,221.320,6.970,9397.422,0.053,1207366.476,1224.485,38160.644,2.920,12424.372
14:51:16.780,15,256,11.620,33.890,12.175,1.493,11.825,0.053,1841.648,219.700,7.610,9419.741,0.080,1813587.171,1837.262,57321.231,4.710,18837.323
14:51:18.930,15,1024,12.740,40.470,13.225,1.507,12.887,0.049,1853.500,219.730,5.910,9265.341,0.080,1824172.544,1849.848,57655.739,4.460,18861.223
14:51:21.079,15,4096,12.720,39.660,14.473,1.061,14.130,0.049,1852.055,214.910,6.300,9355.551,0.080,1809700.096,1837.453,57198.243,5.000,18902.873
14:51:23.231,15,16384,10.486,30.606,10.854,0.986,10.625,0.033,1225.875,205.650,3.970,6199.427,0.053,1197943.463,1219.185,37862.682,5.430,18947.253
14:51:25.393,15,65536,22.950,52.350,23.856,1.574,23.510,0.050,1853.506,221.270,5.580,9241.541,0.220,1815551.993,1861.632,57382.624,4.410,18896.313
14:51:29.705,15,262144,52.090,82.640,53.214,1.785,52.853,0.050,3970.264,221.540,7.450,9205.101,0.080,2109424.163,4007.248,87622.267,4.880,18858.163
14:51:32.101,15,1048576,133.020,187.680,170.173,2.812,169.759,0.061,1918.335,214.280,5.780,9230.502,228.390,1784067.705,2095.630,56379.103,4.950,18981.243

14:51:33.963,16,1,12.990,36.630,13.570,1.253,13.231,0.050,1564.693,219.650,6.550,9328.051,0.080,1535532.690,1561.770,48532.694,4.750,18819.913
14:51:38.247,16,4,13.120,37.480,13.639,1.440,13.296,0.049,3987.107,225.900,6.290,9330.691,0.080,2136778.496,3994.856,88925.072,4.520,7447.569
14:51:40.406,16,16,13.150,33.350,13.656,1.309,13.318,0.049,1860.216,222.220,6.340,9423.541,0.090,1831022.642,1857.068,57872.238,4.440,18801.483
14:51:42.549,16,64,11.120,43.440,12.169,1.598,11.821,0.050,1847.325,221.000,6.290,9354.042,0.080,1830785.062,1853.945,57864.820,4.890,7465.519
14:51:44.699,16,256,13.030,34.320,13.590,1.429,13.233,0.050,1854.333,215.920,5.860,9300.491,0.160,1824930.064,1850.988,57679.670,5.080,18911.523
14:51:46.847,16,1024,12.590,51.210,13.223,1.617,12.890,0.049,1840.210,220.750,5.380,20888.175,0.080,1822305.681,1847.871,57596.737,4.230,7433.429
14:51:48.995,16,4096,11.330,41.630,14.287,1.558,13.945,0.050,1852.133,217.600,6.280,9182.331,0.090,1821866.601,1849.541,57582.792,4.510,18999.403
14:51:51.147,16,16384,15.840,47.900,16.458,1.886,16.120,0.049,1724.502,214.180,18.040,9269.461,0.080,1692368.802,1723.951,53489.636,4.600,19339.904
14:51:53.309,16,65536,22.340,65.650,23.284,2.025,22.940,0.050,1854.638,213.620,6.700,9356.261,0.080,1816911.175,1862.266,57425.608,4.120,18790.793
14:51:55.509,16,262144,51.950,97.000,53.064,2.026,52.707,0.049,1847.141,217.140,6.120,20838.066,8.660,1790398.383,1887.913,56585.967,4.320,7480.009
14:51:57.871,16,1048576,133.330,185.800,170.093,2.700,169.682,0.060,1885.620,222.540,6.150,9202.351,229.560,1750941.094,2063.149,55332.052,4.490,18900.433

14:51:59.732,17,1,12.660,32.270,13.242,1.209,12.900,0.049,1564.471,214.320,6.820,9225.182,0.080,1546804.034,1572.145,48888.975,4.500,7438.069
14:52:01.880,17,4,11.450,37.550,13.570,1.455,13.221,0.049,1852.083,217.530,6.040,9290.061,0.090,1822862.402,1848.781,57614.321,5.020,18860.403
14:52:04.027,17,16,13.060,38.600,13.471,1.174,13.126,0.049,1851.229,212.720,5.980,9641.592,0.090,1822316.411,1848.119,57597.068,4.920,18565.043
14:52:06.174,17,64,12.720,33.650,13.310,1.132,12.957,0.049,1852.028,213.380,5.440,9248.131,0.053,1207145.029,1224.060,38153.652,3.370,12554.027
14:52:08.322,17,256,12.510,32.210,13.542,1.132,13.199,0.052,1851.610,223.740,6.820,9366.562,0.080,1822287.251,1848.364,57596.138,4.850,18746.813
14:52:10.467,17,1024,10.550,41.790,12.626,1.345,12.287,0.049,1846.785,206.890,5.770,9202.311,0.080,1817681.626,1842.295,57450.614,4.360,18994.603
14:52:14.757,17,4096,12.840,38.310,14.466,1.383,14.109,0.049,3990.456,217.190,5.850,9205.251,0.080,2119121.845,3970.232,88311.989,4.690,18931.103
14:52:16.917,17,16384,15.390,36.420,16.225,1.230,15.880,0.049,1861.984,216.720,5.730,9341.481,0.090,1830207.391,1861.679,57846.299,4.810,18930.443
14:52:19.080,17,65536,22.930,43.130,23.697,1.431,23.355,0.050,1855.816,219.620,6.070,9193.911,0.290,1817773.266,1863.813,57452.833,4.050,18903.483
14:52:21.279,17,262144,51.280,77.780,52.811,1.651,52.452,0.050,1858.889,216.070,7.310,9297.821,0.080,1802230.837,1899.653,56959.959,4.510,18822.173
14:52:23.639,17,1048576,130.930,183.510,169.360,2.827,168.938,0.067,1884.796,212.580,5.640,9363.642,217.600,1750717.614,2061.463,55325.035,4.050,18770.863

14:52:25.502,18,1,12.190,48.190,13.533,1.623,13.195,0.049,1566.295,215.480,5.720,9281.822,0.090,1525191.008,1550.976,48205.838,4.790,18948.283
14:52:27.649,18,4,13.140,47.860,13.743,1.773,13.397,0.049,1850.888,213.000,6.160,9371.122,0.110,1821613.011,1847.633,57574.830,5.700,18883.693
14:52:29.797,18,16,8.638,22.626,8.986,0.873,8.758,0.033,1226.024,219.870,4.475,6183.076,0.059,1205239.779,1222.361,38093.425,4.290,18834.883
14:52:31.943,18,64,12.600,33.670,13.177,1.371,12.830,0.050,1840.079,212.640,9.650,9308.142,0.080,1810577.057,1835.734,57226.043,4.550,19469.474
14:52:34.093,18,256,13.160,35.910,13.677,1.316,13.340,0.049,1852.661,223.650,6.100,9301.491,0.080,1823115.092,1849.440,57622.297,4.240,18839.143
14:52:36.238,18,1024,12.740,32.590,13.187,1.224,12.847,0.049,1851.089,221.100,5.950,9182.831,0.160,1821544.130,1847.206,57572.663,5.050,18955.923
14:52:38.389,18,4096,13.480,33.960,14.302,1.322,13.957,0.049,1854.388,216.560,6.480,9249.251,0.080,1824036.414,1851.830,57651.369,5.340,18962.463
14:52:42.676,18,16384,15.900,39.010,16.439,1.597,16.101,0.049,3987.047,215.630,6.140,9192.571,0.053,1414095.539,2639.653,58690.956,2.852,12568.357
14:52:44.850,18,65536,23.020,43.890,24.008,1.344,23.664,0.050,1866.765,218.270,7.490,9206.631,0.210,1828625.399,1875.154,57795.820,4.120,18829.433
14:52:47.050,18,262144,51.920,78.940,53.060,1.785,52.713,0.050,1859.219,210.470,5.650,9276.802,31.090,1802021.877,1900.721,56953.315,4.300,18922.103
14:52:49.411,18,1048576,133.690,186.260,170.410,2.683,169.997,0.063,1884.079,217.170,6.000,9211.731,221.680,1749484.792,2061.443,55286.031,4.970,18931.043

14:52:51.271,19,1,12.450,48.460,13.507,1.919,13.158,0.050,1563.986,219.520,5.840,9350.531,0.090,1534973.200,1560.312,48515.037,5.290,18836.593
14:52:53.419,19,4,12.610,43.000,13.147,1.600,12.810,0.049,1851.321,213.710,5.730,9270.031,0.200,1822427.972,1847.875,57600.606,4.560,18915.533
14:52:55.567,19,16,13.090,41.760,13.590,1.646,13.249,0.049,1852.246,216.600,7.280,9294.342,0.080,1822889.812,1848.846,57615.187,4.560,18952.883
14:52:57.714,19,64,13.000,45.810,13.559,1.643,13.217,0.049,1849.689,221.710,6.040,9322.431,0.080,1820442.499,1846.082,57537.845,4.810,18825.883
14:52:59.861,19,256,12.700,41.710,13.218,1.490,12.881,0.049,1851.060,208.520,6.640,9260.511,0.080,1821901.241,1847.631,57583.949,5.590,18905.303
14:53:02.009,19,1024,12.220,35.410,12.992,1.319,12.649,0.049,1851.436,225.510,5.840,9320.882,0.080,1822423.841,1847.652,57600.482,4.480,18789.903
14:53:04.158,19,4096,13.970,39.420,14.480,1.461,14.139,0.049,1852.251,225.020,5.370,9293.451,0.080,1821835.011,1849.620,57581.790,4.360,18873.383
14:53:06.310,19,16384,15.780,36.090,16.284,1.353,15.946,0.049,1852.351,218.970,6.070,9176.491,0.080,1820269.779,1852.147,57532.189,4.920,19041.313
14:53:08.471,19,65536,22.550,55.960,23.351,1.630,23.004,0.050,1853.346,222.240,5.870,9237.591,0.210,1815870.984,1861.058,57392.734,4.750,18831.483
14:53:10.671,19,262144,51.520,76.860,52.763,1.826,52.409,0.050,1859.232,208.050,7.160,9292.741,0.080,1802320.777,1899.507,56962.809,4.480,18915.393
14:53:13.036,19,1048576,137.040,194.690,169.902,2.748,169.485,0.061,1884.318,221.690,7.270,9252.441,233.180,1749849.272,2065.335,55297.587,4.470,18931.993

14:53:14.894,20,1,13.080,34.510,13.611,1.423,13.272,0.049,1561.551,220.630,7.070,9296.082,0.090,1532308.246,1558.319,48430.785,4.100,18832.133
14:53:17.041,20,4,12.970,50.850,13.545,1.535,13.204,0.049,1851.077,216.860,6.050,9329.701,0.080,1821739.301,1847.424,57578.831,5.090,18864.953
14:53:19.189,20,16,13.060,38.030,13.535,1.319,13.195,0.049,1850.366,218.730,6.150,9452.932,0.090,1821277.250,1847.499,57564.211,5.000,18718.663
14:53:21.336,20,64,13.010,45.690,13.598,1.535,13.256,0.050,1851.141,220.670,6.020,9303.011,0.053,1206457.041,1223.738,38131.894,3.726,12492.910
14:53:23.483,20,256,12.690,33.700,13.374,1.181,13.037,0.049,1851.585,220.330,6.710,9174.011,0.080,1822283.231,1847.751,57596.030,4.770,18876.563
14:53:25.631,20,1024,12.720,36.530,13.281,1.623,12.948,0.049,1851.951,223.560,5.650,9317.761,0.080,1822745.752,1848.738,57610.633,4.190,18797.333
14:53:27.780,20,4096,13.680,32.870,14.379,1.178,14.034,0.049,1852.562,222.310,6.370,9214.761,0.080,1822163.481,1850.035,57592.169,4.630,18941.613
14:53:29.932,20,16384,15.890,47.830,16.459,1.855,16.108,0.050,1851.565,220.190,5.840,9195.581,0.080,1819701.648,1851.079,57514.247,5.030,18933.043
14:53:32.093,20,65536,22.740,56.370,23.597,1.586,23.250,0.058,1854.576,219.940,5.950,9361.991,0.190,1817133.575,1862.813,57432.626,4.980,18798.053
14:53:34.294,20,262144,51.800,71.260,52.945,1.585,52.595,0.050,1860.126,219.030,6.820,9325.471,26.770,1802679.738,1901.065,56974.116,4.910,18883.203
14:53:36.654,20,1048576,134.460,183.980,169.927,2.678,169.511,0.062,1883.692,217.840,6.020,9164.851,0.090,1749153.622,2059.951,55275.602,4.810,19002.593

14:53:38.517,21,1,13.110,33.450,13.604,1.201,13.256,0.049,1565.882,219.730,7.030,9336.671,0.090,1536578.572,1562.885,48565.748,4.230,18925.363
14:53:40.662,21,4,12.460,48.270,13.283,1.822,12.943,0.049,1851.022,212.720,6.050,9287.251,0.110,1822091.581,1847.377,57589.978,4.620,18874.593
14:53:42.810,21,16,12.680,30.820,13.431,1.360,13.090,0.050,1852.847,217.200,5.640,9109.521,0.080,1823603.103,1848.752,57637.757,5.520,19077.714
14:53:44.959,21,64,12.730,33.860,13.255,1.246,12.913,0.049,1852.263,218.550,5.810,9238.962,0.080,1823088.592,1848.903,57621.475,4.750,18874.533
14:53:47.105,21,256,12.870,33.570,13.392,1.181,13.040,0.051,1852.918,214.660,5.840,9242.922,0.080,1823460.623,1849.243,57633.234,4.200,18975.913
14:53:49.253,21,1024,12.550,33.670,13.083,1.267,12.738,0.049,1842.263,221.730,5.840,9390.561,0.080,1812988.150,1838.093,57302.252,4.930,18857.813
14:53:51.404,21,4096,14.000,36.930,14.513,1.249,14.171,0.049,1842.517,220.660,10.920,9255.641,0.080,1812530.069,1840.923,57287.671,5.200,18522.063
14:53:53.551,21,16384,13.720,37.890,14.975,1.423,14.629,0.049,1849.578,216.290,6.860,9307.291,0.080,1818974.797,1847.985,57491.348,4.710,18901.883
14:53:57.846,21,65536,21.080,44.040,22.406,1.342,22.060,0.049,3984.148,219.680,6.010,9319.511,0.080,2131417.930,3990.143,88467.940,4.150,18865.423
14:54:00.063,21,262144,51.900,68.530,52.877,1.411,52.536,0.050,1869.252,219.490,8.440,9399.332,32.450,1812412.359,1910.098,57281.757,5.110,18887.443
14:54:02.426,21,1048576,132.280,184.360,170.289,2.741,169.879,0.060,1884.624,209.290,5.730,9257.091,225.640,1749934.683,2062.398,55300.236,4.510,19071.883

14:54:04.286,22,1,13.070,45.980,13.621,1.757,13.275,0.049,1564.632,222.060,5.640,9363.282,0.090,1535427.500,1561.115,48529.385,5.220,18804.783
14:54:06.431,22,4,11.020,43.310,11.894,1.449,11.545,0.049,1849.358,225.500,5.830,9384.031,0.090,1821982.101,1844.482,57586.606,4.590,18689.943
14:54:08.582,22,16,12.990,31.450,13.631,1.430,13.286,0.049,1853.554,218.020,6.130,9405.921,0.090,1824309.974,1850.565,57660.065,4.040,18838.433
14:54:10.730,22,64,13.010,32.600,13.566,0.999,13.227,0.049,1850.345,218.670,5.870,9241.251,0.080,1820840.870,1846.568,57550.433,5.070,18943.073
14:54:12.876,22,256,11.780,37.570,13.707,1.576,13.364,0.049,1850.731,217.300,5.800,9425.292,0.090,1821369.690,1847.687,57567.129,5.090,18810.363
14:54:15.024,22,1024,12.490,37.170,13.074,1.305,12.729,0.053,1852.164,218.580,5.980,9205.091,0.080,1822862.882,1848.499,57614.346,5.100,18948.893
14:54:17.173,22,4096,13.990,37.410,14.535,1.353,14.194,0.049,1851.729,219.590,6.100,9321.091,0.080,1821270.290,1849.147,57563.938,4.670,18913.833
14:54:19.324,22,16384,15.310,39.630,16.030,1.371,15.686,0.049,1851.638,216.640,5.940,9261.202,0.080,1819809.719,1851.045,57517.667,4.450,18949.623
14:54:21.486,22,65536,22.330,41.300,23.353,1.308,23.010,0.053,1855.285,210.780,6.710,9333.031,0.410,1817275.045,1863.221,57437.089,4.900,18951.703
14:54:23.685,22,262144,51.680,72.200,52.817,1.554,52.462,0.049,1867.429,210.240,6.820,9233.901,0.080,1809802.746,1907.615,57199.272,6.060,19047.014
14:54:26.047,22,1048576,134.540,232.380,170.530,3.437,170.137,0.051,1883.119,218.300,7.360,9282.051,225.310,1749342.762,2060.888,55281.554,4.890,18849.203

14:54:27.909,23,1,13.080,163.280,13.731,5.026,13.380,0.049,1564.989,219.600,6.180,9274.571,0.080,1535697.831,1561.997,48537.911,5.580,18911.013
14:54:30.055,23,4,12.620,32.870,13.282,1.301,12.943,0.049,1849.039,214.400,5.750,9411.392,0.090,1820233.069,1845.219,57531.246,4.490,18819.383
14:54:32.204,23,16,12.690,33.530,13.374,1.496,13.028,0.049,1852.640,212.370,5.860,9344.981,0.090,1823770.093,1849.254,57643.025,4.750,18724.223
14:54:34.352,23,64,13.140,38.140,13.656,1.545,13.317,0.049,1851.561,215.850,5.940,9402.232,0.080,1822184.221,1848.639,57592.870,5.030,18883.753
14:54:36.498,23,256,13.140,32.380,13.697,1.351,13.332,0.064,1837.210,219.940,7.270,21254.316,0.080,1819162.877,1845.128,57497.389,5.080,7471.229
14:54:38.646,23,1024,12.660,34.720,13.190,1.328,12.854,0.050,1852.635,224.180,6.130,9154.801,0.080,1823205.172,1848.830,57625.165,4.450,18909.933
14:54:40.796,23,4096,13.830,50.620,14.458,1.778,14.121,0.050,1851.942,219.040,6.120,9236.411,0.080,1821594.400,1849.818,57574.172,4.530,18949.903
14:54:42.947,23,16384,15.880,41.250,16.391,1.530,16.052,0.049,1852.198,215.430,5.990,9139.571,0.080,1820081.479,1851.512,57526.251,4.830,19035.963
14:54:45.108,23,65536,23.040,44.000,23.935,1.427,23.589,0.050,1849.093,223.710,6.240,9290.862,0.220,1811673.118,1857.429,57260.035,4.300,18817.883
14:54:47.307,23,262144,51.800,67.910,52.840,1.378,52.491,0.049,1858.694,217.520,6.080,9261.511,30.440,1802146.977,1899.770,56957.302,4.320,18876.883
14:54:49.668,23,1048576,132.720,185.940,170.073,2.869,169.665,0.063,1885.569,217.860,7.900,9304.211,0.200,1751667.825,2062.468,55355.067,4.470,18822.173

14:54:51.530,24,1,12.890,42.390,13.425,1.711,13.085,0.049,1566.326,215.830,6.810,9233.891,0.090,1537049.902,1562.733,48580.664,4.360,18930.593
14:54:53.678,24,4,13.100,38.380,13.582,1.336,13.240,0.049,1850.816,220.740,7.140,9321.282,0.110,1821535.240,1847.849,57572.363,4.960,18920.143
14:54:55.825,24,16,12.710,36.780,13.374,1.291,13.030,0.049,1850.007,210.930,5.450,9437.232,0.080,1821078.350,1846.193,57557.959,5.020,18765.563
14:54:57.972,24,64,8.481,32.720,8.898,1.287,8.668,0.033,1226.154,211.810,7.360,9404.312,0.080,1821506.380,1847.061,57571.473,5.260,18769.073
14:55:00.121,24,256,13.040,33.800,13.586,1.389,13.243,0.049,1853.269,220.960,5.590,9333.411,0.080,1824018.884,1850.325,57650.863,4.920,18829.793
14:55:04.405,24,1024,12.610,33.660,13.132,1.270,12.778,0.049,3977.924,220.950,8.590,9340.582,0.080,2137731.578,3973.127,88497.064,4.180,19465.554
14:55:06.566,24,4096,14.010,37.700,14.578,1.417,14.245,0.049,1862.828,220.460,5.980,9369.891,0.080,1832536.554,1860.723,57920.020,3.760,18765.413
14:55:08.716,24,16384,15.870,49.240,16.381,1.488,16.044,0.049,1840.504,205.650,9.740,9356.011,0.090,1807895.934,1839.745,57141.089,5.260,19437.444
14:55:10.878,24,65536,23.060,56.050,23.911,1.728,23.569,0.050,1854.272,221.770,6.050,9283.511,0.220,1816505.754,1862.601,57412.769,4.200,18791.843
14:55:13.078,24,262144,51.520,77.940,53.023,1.841,52.676,0.050,1860.047,211.390,6.420,9430.441,0.080,1802929.037,1901.095,56982.005,4.840,18812.313
14:55:13.688,24,1048576,167.310,380.440,171.984,16.685,171.564,0.066,118.588,225.720,5.960,20832.015,0.080,391.231,307.961,35.041,3.900,8692.181

14:55:15.154,25,1,12.930,36.590,13.730,1.369,13.392,0.049,1169.665,216.180,7.050,9354.691,0.080,1151769.570,1177.933,36403.110,5.370,7478.019
14:55:17.300,25,4,12.650,50.550,13.433,1.646,13.095,0.050,1850.004,218.900,6.230,9252.982,0.110,1820895.239,1846.532,57552.154,4.680,18841.623
14:55:19.448,25,16,12.230,33.280,13.596,1.377,13.255,0.049,1837.616,223.140,6.020,9312.411,0.080,1808339.284,1834.312,57155.288,5.850,18846.933
14:55:21.596,25,64,12.950,43.370,13.510,1.365,13.168,0.050,1851.108,225.070,5.820,9385.591,0.080,1833133.125,1859.050,57938.949,4.530,7465.829
14:55:23.742,25,256,12.700,45.200,13.207,1.528,12.865,0.049,1851.339,214.210,7.540,9441.972,0.140,1822298.822,1847.680,57596.525,5.190,18872.083
14:55:25.888,25,1024,11.230,42.090,11.800,1.596,11.462,0.049,1843.770,214.980,7.250,9329.421,0.080,1815850.423,1838.670,57392.792,4.370,18824.163
14:55:28.039,25,4096,13.990,38.640,14.509,1.362,14.171,0.049,1855.501,212.810,7.330,9391.692,0.080,1825352.295,1853.354,57692.954,4.300,18752.043
14:55:30.190,25,16384,15.730,35.660,16.324,1.516,15.980,0.049,1852.568,215.640,5.930,9375.942,0.160,1820796.220,1852.386,57548.836,5.660,18857.153
14:55:32.353,25,65536,22.470,52.720,23.687,1.589,23.331,0.050,1855.364,214.600,5.610,9284.721,0.310,1817317.135,1863.386,57438.415,4.420,18874.743
14:55:36.665,25,262144,52.030,76.920,53.265,1.955,52.918,0.050,3971.684,214.040,7.140,9459.462,0.140,2064633.038,3952.335,86337.172,4.850,18717.893
14:55:39.062,25,1048576,131.700,184.320,170.313,2.725,169.896,0.069,1917.873,213.680,5.790,9318.561,231.300,1783793.514,2095.414,56370.435,5.060,18945.103

14:55:40.923,26,1,13.210,43.820,13.788,1.552,13.444,0.050,1565.532,219.450,6.480,9395.792,0.080,1536192.701,1562.810,48553.542,5.620,18786.333
14:55:43.070,26,4,12.610,43.260,13.534,1.472,13.188,0.050,1851.791,221.750,5.960,9367.231,0.110,1822745.842,1848.496,57610.643,4.410,18823.373
14:55:45.217,26,16,13.000,47.910,13.539,1.519,13.200,0.049,1851.288,215.510,5.950,9397.892,0.090,1822071.921,1847.637,57589.348,4.310,18813.463
14:55:47.366,26,64,12.910,33.070,13.578,1.416,13.235,0.049,1851.872,219.540,5.730,9373.431,0.080,1822672.542,1848.976,57608.310,4.810,18825.753
14:55:49.512,26,256,12.890,38.660,13.486,1.303,13.141,0.050,1851.376,220.430,6.070,9395.332,0.080,1822075.371,1847.984,57589.446,4.980,18832.923
14:55:51.660,26,1024,6.994,21.751,8.798,0.929,8.572,0.032,1227.350,213.390,4.471,6153.498,0.053,1207543.668,1224.373,38166.254,5.740,18943.113
14:55:53.810,26,4096,13.950,33.880,14.473,1.162,14.123,0.050,1853.215,222.340,5.810,9448.201,0.090,1823150.112,1851.365,57623.343,3.610,18639.663
14:55:55.960,26,16384,15.880,42.660,16.405,1.602,16.061,0.049,1850.450,217.030,7.100,9293.431,0.080,1818635.137,1850.336,57480.528,4.080,18858.523
14:55:58.123,26,65536,23.010,43.150,23.894,1.302,23.551,0.050,1845.773,216.780,7.160,9319.622,0.080,1808102.604,1853.722,57147.186,5.130,18889.183
14:56:00.322,26,262144,51.430,75.820,52.847,1.694,52.500,0.050,1859.693,217.580,5.890,9356.331,30.670,1802551.337,1900.825,56970.062,4.690,18889.223
14:56:02.684,26,1048576,131.840,182.650,170.251,2.655,169.844,0.054,1884.251,220.410,5.970,9379.361,229.840,1750077.183,2061.712,55304.764,5.530,18822.623

14:56:06.682,27,1,13.120,33.610,13.624,1.326,13.290,0.049,3699.711,214.340,5.640,9270.422,0.110,2136784.427,3695.948,83089.721,5.390,18939.863
14:56:08.841,27,4,12.980,47.340,13.494,1.597,13.151,0.049,1861.664,223.830,5.770,9274.991,0.110,1832523.064,1858.254,57919.672,4.030,18914.493
14:56:10.987,27,16,12.820,37.420,13.525,1.544,13.178,0.049,1851.053,216.660,7.090,9405.761,0.110,1821985.861,1848.036,57586.613,4.850,18790.463
14:56:13.135,27,64,12.930,33.210,13.570,1.235,13.229,0.049,1851.974,215.680,6.240,9280.731,0.080,1822518.562,1848.252,57603.460,5.640,18900.873
14:56:15.282,27,256,12.520,44.230,13.093,1.493,12.749,0.052,1850.852,216.650,5.800,9346.821,0.110,1822094.661,1847.240,57590.080,4.120,18676.503
14:56:17.430,27,1024,12.690,34.700,13.181,1.234,12.836,0.050,1839.747,216.880,6.480,21397.336,0.170,1810404.457,1836.295,57220.565,4.580,18821.113
14:56:21.717,27,4096,13.910,49.400,14.479,1.668,14.128,0.049,3989.139,220.060,6.870,9311.362,0.080,2136760.627,3986.359,88708.674,4.440,18864.163
14:56:23.878,27,16384,15.280,34.310,15.791,1.096,15.441,0.050,1861.467,211.040,5.970,9371.342,0.080,1829908.601,1860.766,57836.874,4.470,18878.893
14:56:26.037,27,65536,21.040,41.440,21.846,1.685,21.510,0.050,1852.656,215.640,6.240,9276.482,0.090,1816391.234,1858.798,57409.266,4.280,18845.123
14:56:28.240,27,262144,51.910,74.340,53.124,1.503,52.758,0.051,1862.637,216.680,6.890,9408.622,28.680,1805915.661,1903.890,57076.407,4.150,18820.033
14:56:30.602,27,1048576,131.940,202.690,170.653,3.085,170.247,0.063,1880.822,222.670,7.210,9272.791,0.570,1746370.568,2058.901,55187.586,4.610,18892.653

14:56:32.463,28,1,13.140,33.420,13.684,1.248,13.345,0.050,1558.316,214.140,7.080,9241.871,0.090,1528824.562,1555.013,48320.670,4.550,18936.913
14:56:34.610,28,4,12.640,41.980,13.546,1.652,13.205,0.050,1796.540,216.020,7.520,9335.002,0.120,1767283.424,1793.161,55857.640,4.300,18874.173
14:56:38.897,28,16,13.130,32.900,13.599,1.299,13.257,0.049,3986.258,218.630,6.040,9199.651,0.080,2137085.627,3983.010,88674.150,5.000,18863.123
14:56:41.053,28,64,12.690,53.950,13.298,1.917,12.936,0.049,1858.799,221.590,5.950,9326.462,0.180,1829800.131,1855.291,57833.616,3.860,18818.943
14:56:43.201,28,256,13.010,34.650,13.476,1.313,13.145,0.049,1849.788,220.850,6.000,9108.471,0.080,1820245.969,1846.152,57531.624,4.830,19058.943
14:56:45.347,28,1024,12.180,49.780,12.694,1.665,12.351,0.049,1825.731,212.580,10.740,20768.265,0.080,1796716.360,1821.333,56787.967,5.630,18975.283
14:56:47.495,28,4096,12.510,38.760,13.012,1.490,12.667,0.049,1852.019,220.090,6.180,9351.502,0.080,1823197.732,1848.295,57624.946,4.640,18818.083
14:56:49.648,28,16384,15.270,87.890,16.211,2.895,15.867,0.049,1854.156,207.040,5.800,9377.511,0.090,1822608.592,1853.751,57606.134,4.510,18911.603
14:56:51.810,28,65536,23.270,55.780,23.914,1.590,23.565,0.050,1854.748,212.260,5.910,9370.871,0.080,1817229.385,1862.997,57435.652,4.650,18802.823
14:56:54.009,28,262144,51.560,76.190,52.926,1.659,52.569,0.050,1860.552,219.960,5.730,9234.491,8.590,1802671.897,1901.375,56973.859,4.220,18939.223
14:56:56.371,28,1048576,135.990,188.850,170.486,2.636,170.070,0.063,1865.332,217.300,8.300,9311.701,224.580,1730141.139,2042.470,54674.625,5.570,19492.064

14:56:58.233,29,1,13.170,33.510,13.702,1.289,13.363,0.049,1564.106,215.650,6.210,9228.701,0.080,1534676.659,1560.841,48505.639,4.840,18949.213
14:57:00.380,29,4,12.970,40.250,13.642,1.607,13.303,0.050,1850.493,217.330,5.850,9254.831,0.110,1821054.680,1847.148,57557.179,3.940,18942.893
14:57:02.527,29,16,12.620,34.330,13.247,1.206,12.910,0.049,1851.668,215.650,6.070,9297.822,0.110,1822632.102,1847.990,57607.060,4.900,18909.993
14:57:04.675,29,64,13.120,45.110,13.593,1.708,13.255,0.049,1850.528,223.170,6.300,9396.582,0.080,1821044.520,1847.175,57556.858,5.040,18843.823
14:57:06.822,29,256,13.070,52.790,13.730,1.768,13.369,0.050,1851.999,223.170,6.200,9338.991,0.080,1822598.452,1848.871,57605.968,5.210,18804.803
14:57:08.970,29,1024,12.660,60.110,13.096,1.769,12.754,0.049,1851.247,225.840,5.660,9325.091,0.080,1822110.371,1847.516,57590.568,4.570,18779.563
14:57:11.119,29,4096,13.480,46.930,14.093,1.687,13.745,0.050,1851.518,216.300,5.910,9278.082,0.080,1821479.150,1848.701,57570.561,4.570,18922.413
14:57:13.270,29,16384,15.390,39.120,16.132,1.242,15.774,0.052,1851.783,220.870,6.210,9345.331,0.080,1820021.519,1851.453,57524.355,4.720,18869.953
14:57:15.432,29,65536,22.440,47.030,23.209,1.503,22.864,0.050,1854.110,218.730,6.090,9321.731,0.200,1816516.914,1861.667,57413.151,4.490,18832.863
14:57:17.630,29,262144,50.450,71.700,51.613,1.502,51.256,0.050,1858.578,219.800,7.800,9210.561,0.080,1802968.718,1897.965,56983.358,4.140,18951.983
14:57:19.990,29,1048576,130.220,185.360,169.064,2.839,168.652,0.064,1885.285,215.570,5.830,9352.682,219.620,1752547.856,2061.668,55382.935,4.950,18790.743

14:57:21.854,30,1,12.550,50.060,13.517,1.685,13.175,0.050,1569.114,220.700,7.240,9347.731,0.090,1551442.830,1577.281,49035.576,3.940,7370.439
14:57:26.138,30,4,12.670,36.850,13.180,1.485,12.841,0.049,3988.588,211.460,5.800,9309.801,0.090,2137142.847,3984.401,88728.355,4.650,18909.693
14:57:28.297,30,16,12.950,42.890,13.515,1.581,13.172,0.049,1851.160,213.430,7.060,20770.495,0.080,1833413.605,1859.241,57947.816,4.640,7376.399
14:57:30.445,30,64,12.970,44.240,13.544,1.516,13.201,0.050,1851.277,223.920,5.470,9268.521,0.080,1821932.481,1848.224,57584.919,4.800,18882.783
14:57:32.589,30,256,11.350,59.450,12.231,1.875,11.899,0.050,1848.551,215.560,6.810,9200.311,0.080,1808458.405,1831.854,57159.135,3.840,18932.413
14:57:34.739,30,1024,12.200,45.330,12.813,1.519,12.469,0.053,1852.794,213.990,5.680,9394.452,0.080,1823853.553,1848.452,57645.691,5.160,18855.133
14:57:36.889,30,4096,13.950,39.350,14.405,1.322,14.058,0.049,1853.571,221.740,6.240,9388.962,0.080,1823378.403,1851.586,57630.559,4.960,18769.133
14:57:39.041,30,16384,15.840,44.110,16.346,1.570,16.004,0.050,1851.740,215.850,6.020,9240.181,0.080,1819802.568,1851.463,57517.428,5.650,18963.623
14:57:41.202,30,65536,22.400,50.450,23.321,1.598,22.981,0.049,1852.373,213.820,5.460,9343.291,0.080,1815365.413,1859.841,57376.777,4.170,18794.163
14:57:43.401,30,262144,51.950,71.640,52.888,1.386,52.545,0.050,1859.421,222.720,6.070,9297.641,26.580,1802839.938,1900.594,56979.201,4.880,18833.143
14:57:45.763,30,1048576,130.890,191.320,170.186,2.758,169.775,0.062,1883.591,220.570,6.070,9246.991,231.200,1749399.562,2060.897,55283.351,4.340,18812.713

