timestamp,repetition,size_bytes,min_us,max_us,avg_us,std_dev,avg_buffer_setup,avg_wr_setup,avg_poll,window_init,rvsocket_setup
17:51:55.021,1,1,10.890,1008.833,22.413,87.874,22.088,0.050,2164.467,215.220,26.409
17:51:57.165,1,4,12.330,20.950,13.576,0.904,13.252,0.050,1.396,217.290,9.402
17:51:59.312,1,16,12.290,22.290,13.488,0.855,13.160,0.049,1.379,211.670,8.136
17:52:01.460,1,64,12.360,22.050,13.615,0.871,13.287,0.049,1.968,214.870,7.830
17:52:03.607,1,256,11.050,20.530,12.299,0.899,11.969,0.050,1.989,215.380,8.401
17:52:05.755,1,1024,12.500,21.540,13.818,1.021,13.494,0.049,2.136,207.960,8.340
17:52:07.904,1,4096,12.100,20.480,13.412,0.840,13.088,0.049,2.585,210.630,7.891
17:52:10.089,1,16384,13.250,1280.673,50.571,175.155,50.240,0.050,3.606,214.080,8.095
17:52:12.238,1,65536,15.490,1076.253,48.507,164.143,48.183,0.050,7.352,214.020,8.157
17:52:14.401,1,262144,24.700,1283.643,48.902,150.227,48.574,0.051,17.204,218.520,8.279
17:52:16.621,1,1048576,62.230,80.720,64.787,1.422,64.408,0.058,54.738,213.170,9.208

17:52:20.775,2,1,11.150,60.980,12.467,1.956,12.136,0.049,2159.394,219.770,8.279
17:52:22.934,2,4,12.250,26.950,13.522,0.976,13.190,0.049,1.393,214.540,10.443
17:52:27.224,2,16,12.010,50.710,13.844,1.565,13.519,0.050,2164.477,218.970,8.514
17:52:29.377,2,64,12.420,20.790,13.648,0.834,13.327,0.049,1.946,213.900,9.085
17:52:35.808,2,256,10.770,56.360,12.164,2.029,11.830,0.050,4329.962,213.540,8.453
17:52:37.968,2,1024,12.410,21.100,13.783,0.921,13.462,0.049,2.115,211.410,8.779
17:52:40.116,2,4096,12.750,22.560,14.030,0.863,13.698,0.050,2.561,213.230,8.545
17:52:42.265,2,16384,13.300,21.670,14.664,0.871,14.337,0.049,3.316,219.040,8.422
17:52:44.420,2,65536,15.230,22.850,16.576,0.889,16.240,0.050,7.503,213.620,7.993
17:52:46.590,2,262144,24.790,32.690,26.316,1.006,25.995,0.050,17.594,211.960,8.320
17:52:48.833,2,1048576,62.290,71.800,64.966,1.263,64.581,0.060,53.877,216.380,7.810

17:52:50.852,3,1,12.520,22.080,13.440,0.777,13.116,0.049,1.390,216.450,8.677
17:52:53.000,3,4,12.270,21.240,13.533,0.906,13.206,0.049,1.371,214.130,8.024
17:52:55.147,3,16,12.320,34.400,13.610,1.089,13.283,0.050,1.357,213.400,9.106
17:52:57.295,3,64,12.460,21.530,13.777,0.892,13.449,0.050,1.972,218.230,8.401
17:52:59.443,3,256,12.430,21.250,13.757,0.945,13.428,0.050,2.012,215.530,8.075
17:53:03.732,3,1024,12.510,52.840,13.799,1.738,13.471,0.049,2165.435,213.210,8.218
17:53:08.027,3,4096,11.420,51.520,12.732,1.557,12.389,0.050,2166.008,218.450,7.952
17:53:10.183,3,16384,13.300,22.870,14.671,0.946,14.346,0.050,3.650,211.340,8.922
17:53:12.336,3,65536,15.300,29.310,16.622,0.963,16.286,0.052,7.517,213.610,8.156
17:53:14.508,3,262144,24.450,31.790,25.957,0.925,25.626,0.049,17.599,207.590,9.974
17:53:16.750,3,1048576,61.500,70.540,63.867,1.395,63.504,0.059,53.852,216.810,8.453

17:53:18.770,4,1,12.570,21.930,13.785,0.873,13.453,0.049,1.378,212.380,8.095
17:53:20.917,4,4,12.450,21.920,13.751,0.888,13.418,0.054,1.394,214.090,7.860
17:53:23.063,4,16,11.160,31.410,12.429,1.040,12.105,0.049,1.377,214.250,8.483
17:53:25.212,4,64,12.210,21.690,13.472,0.885,13.138,0.049,1.971,211.260,7.656
17:53:27.360,4,256,12.540,21.790,13.777,0.848,13.449,0.049,2.010,218.380,9.034
17:53:29.508,4,1024,12.530,21.240,13.773,0.841,13.444,0.049,2.139,218.330,9.249
17:53:31.655,4,4096,12.670,21.690,13.941,0.882,13.612,0.049,2.561,220.120,8.013
17:53:33.805,4,16384,13.180,33.540,14.583,1.111,14.257,0.050,3.626,211.420,8.738
17:53:35.959,4,65536,10.220,15.678,10.872,0.521,10.658,0.035,4.985,215.790,8.024
17:53:38.133,4,262144,24.800,40.420,26.353,1.156,26.025,0.049,17.323,208.640,8.677
17:53:40.374,4,1048576,61.220,71.910,63.832,1.457,63.455,0.054,53.813,213.590,8.320

17:53:42.394,5,1,12.460,21.790,13.793,0.968,13.463,0.050,1.395,212.980,8.269
17:53:44.541,5,4,12.400,21.150,13.693,0.868,13.372,0.050,1.361,211.660,8.616
17:53:46.688,5,16,12.460,21.530,13.736,0.902,13.412,0.049,1.399,214.870,9.432
17:53:50.974,5,64,12.550,49.880,13.866,1.456,13.538,0.050,2159.074,212.580,9.300
17:53:53.133,5,256,12.450,21.190,13.777,0.911,13.452,0.049,2.023,211.380,8.820
17:53:55.279,5,1024,12.450,28.630,13.778,0.998,13.450,0.049,2.166,214.500,9.585
17:53:57.427,5,4096,10.480,20.980,13.986,0.929,13.660,0.049,2.571,215.730,8.310
17:53:59.576,5,16384,12.860,23.700,14.618,0.991,14.292,0.049,3.485,220.470,11.229
17:54:01.731,5,65536,15.680,39.200,17.011,1.195,16.685,0.050,7.524,213.350,8.483
17:54:03.901,5,262144,23.450,31.120,24.600,0.931,24.273,0.050,17.171,221.680,8.381
17:54:06.144,5,1048576,61.140,94.310,64.184,1.605,63.802,0.064,54.326,220.060,8.340

17:54:10.299,6,1,11.120,56.900,12.481,1.692,12.158,0.049,2159.474,210.820,8.156
17:54:12.459,6,4,12.560,20.500,13.784,0.829,13.457,0.050,1.396,221.690,8.932
17:54:14.606,6,16,12.510,35.840,13.869,1.216,13.540,0.049,1.382,215.220,8.105
17:54:16.754,6,64,12.450,29.030,13.750,0.976,13.416,0.050,1.977,217.340,8.034
17:54:18.903,6,256,12.350,28.780,13.644,1.074,13.313,0.049,2.014,210.810,7.963
17:54:21.049,6,1024,12.550,21.810,13.531,0.844,13.208,0.049,2.147,212.040,9.330
17:54:23.197,6,4096,12.410,22.120,13.678,0.850,13.352,0.049,2.557,208.900,8.044
17:54:25.347,6,16384,13.070,30.690,14.783,1.157,14.457,0.051,3.614,213.300,8.269
17:54:27.501,6,65536,13.910,23.350,16.859,0.919,16.534,0.053,7.408,218.290,8.197
17:54:29.669,6,262144,23.440,29.790,24.842,0.913,24.513,0.054,16.431,212.360,8.422
17:54:31.916,6,1048576,62.370,80.890,65.125,1.516,64.756,0.058,54.263,221.620,8.146

17:54:33.933,7,1,12.540,32.350,13.774,1.125,13.447,0.050,1.381,212.740,7.748
17:54:36.081,7,4,12.540,29.720,13.580,1.037,13.251,0.050,1.360,214.040,8.187
17:54:38.228,7,16,12.510,21.850,13.738,0.819,13.401,0.049,1.362,217.900,8.157
17:54:40.376,7,64,12.270,28.470,13.802,1.092,13.477,0.049,1.974,217.490,8.228
17:54:42.523,7,256,11.790,19.630,12.807,0.789,12.483,0.049,2.030,210.360,7.585
17:54:44.671,7,1024,12.450,20.680,13.697,0.841,13.370,0.050,2.122,217.450,8.830
17:54:48.955,7,4096,12.710,45.780,14.177,1.569,13.844,0.049,2159.863,215.350,10.739
17:54:51.115,7,16384,11.980,20.730,13.355,0.901,13.029,0.049,3.316,219.000,7.952
17:54:53.272,7,65536,15.510,24.030,16.870,0.980,16.546,0.050,7.641,213.800,8.943
17:54:55.441,7,262144,24.840,32.360,26.388,0.962,26.055,0.049,16.913,217.340,8.330
17:54:57.685,7,1048576,41.609,48.908,43.239,0.902,42.990,0.043,36.156,218.160,8.360

17:54:59.703,8,1,12.590,21.420,13.833,0.865,13.503,0.049,1.364,213.670,8.646
17:55:01.851,8,4,12.490,29.400,13.731,1.084,13.398,0.050,1.387,216.940,8.044
17:55:03.998,8,16,12.540,20.910,13.844,0.873,13.516,0.049,1.391,215.850,9.596
17:55:08.282,8,64,12.520,52.030,13.884,1.580,13.552,0.051,2159.080,217.960,9.810
17:55:10.440,8,256,12.500,20.190,13.691,0.786,13.363,0.049,2.021,211.060,10.117
17:55:12.588,8,1024,12.520,34.310,13.718,1.139,13.382,0.049,2.116,214.320,8.034
17:55:14.737,8,4096,12.710,22.000,14.065,0.965,13.730,0.050,2.588,216.630,9.392
17:55:16.886,8,16384,13.180,22.850,14.498,0.875,14.169,0.050,3.470,213.200,8.340
17:55:19.041,8,65536,15.440,22.840,16.824,0.927,16.501,0.049,7.398,219.260,8.217
17:55:21.212,8,262144,25.150,34.000,26.791,1.029,26.462,0.050,16.996,216.700,8.514
17:55:23.454,8,1048576,62.690,74.290,65.006,1.306,64.633,0.058,54.076,213.400,9.371

17:55:27.609,9,1,12.130,60.120,13.631,1.729,13.309,0.049,2158.633,207.690,9.627
17:55:29.768,9,4,12.500,20.820,13.855,0.888,13.512,0.049,1.363,211.690,8.218
17:55:31.913,9,16,11.140,18.940,11.951,0.776,11.631,0.049,1.386,211.980,9.300
17:55:34.065,9,64,11.970,28.160,13.695,1.064,13.369,0.049,1.969,218.970,8.013
17:55:36.211,9,256,12.480,21.000,13.767,0.862,13.434,0.049,2.018,208.780,8.840
17:55:38.357,9,1024,11.140,21.100,11.979,0.793,11.659,0.049,2.109,213.880,7.973
17:55:40.506,9,4096,12.690,22.680,14.043,0.906,13.715,0.049,2.572,214.170,7.963
17:55:42.656,9,16384,13.340,23.820,14.725,0.876,14.403,0.049,3.338,212.680,9.790
17:55:46.942,9,65536,15.540,55.200,17.005,1.548,16.678,0.050,2159.856,213.640,9.095
17:55:49.129,9,262144,24.760,33.400,26.464,1.044,26.135,0.051,17.267,217.120,8.575
17:55:51.372,9,1048576,62.370,72.690,65.043,1.320,64.659,0.061,54.448,213.270,7.850

17:55:53.390,10,1,12.500,21.400,13.727,0.859,13.397,0.050,1.374,218.790,8.197
17:55:55.538,10,4,12.370,21.880,13.598,0.872,13.254,0.049,1.413,211.100,7.758
17:55:57.685,10,16,12.500,22.350,13.749,0.895,13.425,0.049,1.380,215.830,8.013
17:55:59.833,10,64,12.450,22.950,13.763,0.877,13.427,0.049,1.964,217.380,8.728
17:56:01.981,10,256,9.900,20.990,13.517,0.864,13.190,0.049,2.030,217.470,8.575
17:56:06.264,10,1024,12.440,51.970,13.699,1.524,13.356,0.049,2160.036,214.470,9.453
17:56:08.423,10,4096,12.080,20.370,13.358,0.871,13.034,0.049,2.548,206.640,7.718
17:56:10.573,10,16384,13.300,22.710,14.680,0.886,14.347,0.049,3.595,214.870,8.197
17:56:12.728,10,65536,15.450,27.810,16.767,0.965,16.445,0.050,7.542,216.070,8.055
17:56:14.898,10,262144,24.170,31.630,25.734,0.926,25.404,0.050,16.647,206.370,8.003
17:56:17.142,10,1048576,62.790,74.800,65.311,1.334,64.934,0.059,54.913,219.960,8.371

17:56:19.160,11,1,12.070,30.030,13.599,1.167,13.271,0.050,1.361,216.310,8.248
17:56:21.306,11,4,11.890,20.610,13.117,0.826,12.788,0.051,1.392,204.700,8.034
17:56:25.591,11,16,12.430,45.860,13.830,1.583,13.491,0.050,2158.744,214.840,9.402
17:56:27.750,11,64,12.550,21.020,13.801,0.843,13.456,0.065,1.957,220.060,7.993
17:56:29.897,11,256,10.640,19.250,11.735,0.834,11.410,0.053,1.987,207.670,7.758
17:56:32.046,11,1024,12.550,22.110,13.923,0.954,13.594,0.049,2.116,217.940,8.381
17:56:34.194,11,4096,12.190,28.430,13.766,1.140,13.440,0.049,2.599,205.760,8.177
17:56:36.342,11,16384,12.650,21.110,13.950,0.867,13.627,0.049,3.625,207.680,8.156
17:56:38.497,11,65536,15.300,22.590,16.605,0.827,16.274,0.050,7.278,210.730,8.922
17:56:40.668,11,262144,24.710,32.560,26.440,1.042,26.118,0.049,16.651,211.340,8.238
17:56:42.912,11,1048576,62.460,79.660,65.031,1.370,64.648,0.059,54.217,217.790,8.320

17:56:44.929,12,1,11.800,34.410,13.324,1.364,12.989,0.049,1.373,205.590,7.840
17:56:47.078,12,4,10.780,24.240,13.774,0.863,13.445,0.050,1.379,218.450,8.360
17:56:49.225,12,16,12.470,21.650,13.772,0.883,13.443,0.050,1.392,217.790,8.279
17:56:51.374,12,64,12.500,21.140,13.765,0.859,13.427,0.051,1.963,213.410,9.045
17:56:53.521,12,256,12.510,21.720,13.781,0.867,13.456,0.049,1.988,214.850,8.259
17:56:55.669,12,1024,12.520,20.910,13.809,0.888,13.476,0.050,2.117,216.330,8.279
17:56:57.816,12,4096,12.460,22.230,13.755,0.835,13.422,0.050,2.557,212.000,7.870
17:56:59.964,12,16384,12.000,20.570,13.307,0.947,12.975,0.049,3.610,210.640,8.289
17:57:02.121,12,65536,15.460,23.030,16.880,0.883,16.553,0.050,7.943,216.290,8.218
17:57:04.291,12,262144,24.800,32.160,26.296,0.940,25.962,0.050,17.329,214.950,8.136
17:57:06.534,12,1048576,62.160,71.100,64.533,1.173,64.157,0.058,54.762,213.700,8.310

17:57:08.551,13,1,12.550,29.470,13.556,1.091,13.227,0.050,1.387,206.030,7.748
17:57:10.698,13,4,11.160,21.200,12.408,0.904,12.082,0.049,1.382,216.330,8.187
17:57:12.847,13,16,12.510,28.580,13.798,1.136,13.470,0.049,1.393,218.670,8.759
17:57:14.996,13,64,12.530,21.420,13.751,0.863,13.417,0.052,1.950,215.800,9.443
17:57:17.142,13,256,11.850,24.340,13.120,0.914,12.798,0.049,1.990,214.260,7.952
17:57:19.290,13,1024,12.530,20.800,13.800,0.845,13.473,0.049,2.147,215.730,8.912
17:57:23.575,13,4096,12.740,41.270,14.094,1.302,13.767,0.049,2159.869,218.490,8.187
17:57:25.735,13,16384,13.410,22.350,14.702,0.872,14.373,0.049,3.599,214.410,8.034
17:57:27.890,13,65536,15.540,25.410,16.930,0.984,16.613,0.050,7.538,220.070,8.575
17:57:30.059,13,262144,23.370,36.890,24.956,1.052,24.617,0.049,16.729,215.780,8.105
17:57:32.304,13,1048576,62.830,73.190,65.015,1.330,64.633,0.061,54.526,216.520,9.943

17:57:34.321,14,1,12.250,22.190,13.547,0.906,13.215,0.049,1.358,210.910,7.860
17:57:36.470,14,4,12.530,33.230,13.829,1.098,13.501,0.050,1.359,222.130,9.668
17:57:38.617,14,16,12.020,30.060,13.605,1.199,13.273,0.050,1.361,223.850,8.115
17:57:42.900,14,64,12.410,52.700,13.734,1.589,13.397,0.049,2159.097,214.830,8.207
17:57:45.060,14,256,12.410,21.830,13.835,0.852,13.510,0.050,1.990,218.220,8.932
17:57:47.206,14,1024,11.130,19.310,12.338,0.879,12.015,0.050,2.098,216.030,8.310
17:57:49.356,14,4096,12.700,21.380,14.065,0.996,13.742,0.049,2.586,214.120,9.045
17:57:51.505,14,16384,13.310,21.620,14.652,0.909,14.321,0.049,3.640,220.580,8.626
17:57:53.659,14,65536,15.500,31.670,16.701,0.996,16.369,0.050,7.945,209.670,7.952
17:57:55.830,14,262144,24.860,35.350,26.453,1.079,26.131,0.049,16.451,214.320,8.422
17:57:58.074,14,1048576,62.950,75.520,65.318,1.357,64.942,0.059,54.656,212.530,8.677

17:58:02.227,15,1,12.530,54.180,13.910,1.606,13.576,0.050,2158.259,211.930,8.065
17:58:04.385,15,4,10.580,18.940,11.872,0.904,11.547,0.049,1.394,210.310,7.707
17:58:06.534,15,16,10.910,19.170,12.321,0.852,11.990,0.050,1.359,216.470,8.259
17:58:08.683,15,64,12.400,21.630,13.697,0.863,13.369,0.050,1.990,223.380,8.054
17:58:10.830,15,256,12.520,33.040,13.856,1.101,13.530,0.049,2.020,218.360,7.830
17:58:12.978,15,1024,12.520,21.090,13.795,0.891,13.476,0.049,2.145,213.940,9.422
17:58:15.126,15,4096,12.150,28.020,14.052,0.991,13.721,0.050,2.584,222.850,7.850
17:58:17.274,15,16384,12.740,21.150,14.112,0.871,13.790,0.049,3.344,210.760,7.513
17:58:19.430,15,65536,13.710,23.300,16.848,0.901,16.523,0.050,7.423,213.860,8.851
17:58:21.600,15,262144,24.680,32.090,26.315,1.070,25.990,0.050,16.692,218.470,7.789
17:58:23.844,15,1048576,62.700,73.960,65.317,1.328,64.942,0.056,54.581,216.300,8.932

17:58:25.861,16,1,11.090,20.690,12.340,0.875,12.008,0.050,1.404,216.690,9.535
17:58:28.009,16,4,12.470,30.540,13.839,1.148,13.514,0.049,1.395,213.230,9.678
17:58:30.156,16,16,12.480,23.190,13.731,0.872,13.406,0.050,1.360,214.370,8.330
17:58:32.305,16,64,12.520,21.520,13.876,0.967,13.547,0.049,1.983,214.230,8.054
17:58:34.452,16,256,12.510,21.360,13.787,0.886,13.457,0.049,1.983,214.630,8.258
17:58:36.600,16,1024,12.470,22.920,13.762,0.921,13.436,0.049,2.151,214.600,8.177
17:58:40.883,16,4096,12.720,53.290,14.153,1.745,13.822,0.049,2159.780,215.090,8.136
17:58:43.045,16,16384,13.180,23.270,14.666,0.968,14.330,0.049,3.608,216.550,8.279
17:58:45.199,16,65536,15.520,26.120,16.866,0.932,16.545,0.049,7.224,220.190,8.585
17:58:47.369,16,262144,23.390,41.450,25.167,1.200,24.837,0.051,17.434,214.460,9.351
17:58:49.613,16,1048576,62.690,74.410,65.044,1.289,64.674,0.060,54.175,219.810,8.095

17:58:51.632,17,1,12.400,20.650,13.786,0.923,13.459,0.049,1.378,217.900,8.146
17:58:53.779,17,4,12.510,23.500,13.864,1.014,13.541,0.049,1.358,210.870,7.973
17:58:55.926,17,16,12.550,21.090,13.851,0.879,13.528,0.049,1.393,215.320,8.228
17:59:00.210,17,64,12.530,48.630,13.908,1.477,13.575,0.049,2159.116,218.180,7.952
17:59:02.369,17,256,12.490,23.140,13.783,0.889,13.456,0.049,2.017,218.540,8.269
17:59:04.518,17,1024,12.580,20.790,13.851,0.914,13.513,0.049,2.137,221.770,8.258
17:59:06.665,17,4096,12.470,22.690,13.849,0.903,13.523,0.050,2.602,213.640,7.901
17:59:08.815,17,16384,13.200,31.190,14.590,1.119,14.265,0.050,3.639,220.490,8.167
17:59:10.970,17,65536,14.950,22.930,16.794,0.842,16.467,0.049,7.935,210.870,7.983
17:59:13.139,17,262144,24.830,34.920,26.394,1.046,26.072,0.050,16.594,214.190,8.330
17:59:15.386,17,1048576,62.740,86.320,65.236,1.437,64.849,0.062,54.113,216.790,8.207

17:59:19.539,18,1,12.480,64.360,13.889,1.849,13.554,0.049,2158.450,219.890,8.360
17:59:21.696,18,4,12.540,20.590,13.824,0.888,13.502,0.049,1.385,212.920,8.953
17:59:23.844,18,16,12.540,21.850,13.790,0.851,13.445,0.064,1.372,212.770,9.116
17:59:25.991,18,64,12.510,21.040,13.869,0.946,13.545,0.049,1.987,213.990,9.555
17:59:28.139,18,256,11.100,19.380,12.363,0.884,12.037,0.049,2.017,217.530,8.371
17:59:30.287,18,1024,12.440,21.120,13.715,0.900,13.382,0.049,2.120,214.900,9.014
17:59:32.436,18,4096,12.700,22.070,14.013,0.973,13.685,0.049,2.581,220.040,8.156
17:59:34.583,18,16384,11.380,32.040,12.998,1.212,12.676,0.050,3.624,220.940,8.115
17:59:36.739,18,65536,15.470,25.400,16.904,0.944,16.579,0.051,7.566,213.990,7.901
17:59:38.911,18,262144,24.770,32.320,26.344,0.984,26.017,0.050,17.388,215.140,8.115
17:59:41.154,18,1048576,63.220,90.680,65.338,1.525,64.956,0.059,54.840,209.020,8.238

17:59:43.171,19,1,12.520,21.610,13.433,0.811,13.109,0.052,1.365,213.580,8.013
17:59:45.319,19,4,12.520,28.850,13.816,1.025,13.488,0.049,1.367,218.340,8.269
17:59:47.467,19,16,12.470,21.350,13.757,0.951,13.436,0.049,1.389,211.520,8.310
17:59:49.615,19,64,8.167,13.912,9.071,0.562,8.854,0.033,1.305,215.950,9.545
17:59:51.762,19,256,12.540,20.730,13.792,0.864,13.456,0.049,1.995,213.900,9.473
17:59:53.908,19,1024,11.120,28.770,12.396,1.044,12.067,0.049,2.160,210.640,8.636
17:59:58.193,19,4096,11.600,51.650,14.062,1.547,13.733,0.049,2159.988,214.260,9.024
18:00:00.356,19,16384,12.890,21.200,14.383,0.915,14.060,0.049,3.522,215.860,8.279
18:00:02.509,19,65536,15.420,22.810,16.774,0.845,16.456,0.049,7.278,217.340,9.126
18:00:04.680,19,262144,24.920,34.160,26.690,1.124,26.365,0.049,17.274,214.260,8.177
18:00:06.923,19,1048576,62.760,78.430,65.191,1.439,64.818,0.052,53.829,213.650,9.279

18:00:08.942,20,1,12.460,34.210,13.791,1.097,13.466,0.049,1.355,211.050,9.157
18:00:11.088,20,4,11.940,20.240,13.209,0.848,12.879,0.049,1.354,203.450,7.830
18:00:13.237,20,16,12.520,21.250,13.795,0.896,13.466,0.049,1.391,214.890,9.126
18:00:17.520,20,64,12.000,49.790,13.333,1.464,13.003,0.050,2159.491,207.090,8.391
18:00:19.678,20,256,11.220,22.540,12.489,0.949,12.158,0.050,2.012,211.920,10.912
18:00:21.827,20,1024,11.540,31.630,13.829,1.147,13.499,0.049,2.145,216.480,8.555
18:00:23.976,20,4096,12.760,20.890,14.025,0.859,13.704,0.049,2.592,215.620,8.503
18:00:26.124,20,16384,13.390,30.060,14.698,1.024,14.368,0.050,3.638,213.050,8.197
18:00:28.279,20,65536,15.350,23.710,16.707,0.840,16.380,0.050,7.522,212.050,7.993
18:00:30.449,20,262144,24.730,45.850,26.275,1.302,25.946,0.050,16.513,214.860,8.595
18:00:32.693,20,1048576,62.070,71.940,64.429,1.184,64.056,0.062,53.910,206.470,7.585

18:00:36.846,21,1,11.140,55.830,12.490,1.692,12.160,0.049,2159.463,216.240,8.402
18:00:39.006,21,4,12.000,22.380,13.242,0.859,12.920,0.049,1.371,216.960,7.922
18:00:41.153,21,16,12.210,21.180,13.718,0.853,13.397,0.049,1.398,207.460,7.963
18:00:43.302,21,64,12.470,20.790,13.717,0.856,13.393,0.049,1.965,212.760,10.178
18:00:45.448,21,256,12.370,22.810,13.776,0.867,13.456,0.049,2.024,214.490,8.800
18:00:47.596,21,1024,10.430,20.530,13.307,0.839,12.973,0.049,2.110,209.410,7.738
18:00:49.743,21,4096,10.890,20.780,12.087,0.885,11.769,0.049,2.593,209.240,7.769
18:00:51.895,21,16384,13.350,22.230,14.794,0.958,14.466,0.050,3.344,217.890,8.116
18:00:54.048,21,65536,15.460,23.390,16.552,0.856,16.227,0.049,7.306,213.510,8.197
18:00:56.221,21,262144,24.690,32.450,25.874,0.922,25.549,0.050,17.184,215.400,8.636
18:00:58.463,21,1048576,62.720,72.480,65.171,1.318,64.787,0.060,54.152,217.240,8.238

18:01:00.480,22,1,11.180,19.160,12.360,0.843,12.036,0.049,1.372,215.980,7.993
18:01:02.628,22,4,12.510,21.320,13.563,0.850,13.231,0.054,1.363,212.370,7.881
18:01:04.775,22,16,12.490,20.270,13.735,0.795,13.401,0.053,1.362,212.380,9.004
18:01:06.924,22,64,12.430,29.990,13.804,1.069,13.480,0.050,1.969,217.070,8.391
18:01:09.071,22,256,12.330,30.150,13.732,0.987,13.409,0.049,2.021,211.730,8.861
18:01:11.218,22,1024,12.490,23.310,13.763,0.872,13.429,0.049,2.147,217.150,8.605
18:01:15.502,22,4096,10.030,45.230,12.722,1.445,12.388,0.049,2160.688,214.950,8.371
18:01:17.664,22,16384,13.290,21.570,14.261,0.786,13.934,0.049,3.603,219.790,8.044
18:01:19.819,22,65536,15.410,23.370,16.780,0.923,16.462,0.050,7.340,214.300,8.055
18:01:21.989,22,262144,24.750,32.060,26.296,0.950,25.967,0.049,17.267,217.270,8.187
18:01:24.233,22,1048576,62.820,84.660,65.256,1.497,64.880,0.058,54.291,213.640,8.146

18:01:26.250,23,1,12.500,20.450,13.472,0.766,13.142,0.052,1.384,220.020,8.524
18:01:28.396,23,4,10.550,26.770,12.417,0.988,12.087,0.049,1.396,217.650,8.238
18:01:30.546,23,16,12.500,21.310,13.747,0.845,13.424,0.049,1.371,218.990,8.187
18:01:34.829,23,64,12.560,50.650,13.886,1.526,13.545,0.050,2159.195,218.590,8.034
18:01:36.989,23,256,12.540,25.140,13.727,0.861,13.404,0.049,2.025,214.700,8.075
18:01:39.137,23,1024,12.550,21.630,13.767,0.877,13.442,0.049,2.115,217.370,8.534
18:01:41.285,23,4096,12.650,26.440,13.937,0.937,13.611,0.050,2.579,215.430,8.473
18:01:43.434,23,16384,13.300,21.800,14.692,0.863,14.366,0.049,3.627,219.320,9.545
18:01:45.588,23,65536,15.600,23.630,16.909,0.922,16.582,0.049,7.240,218.980,10.300
18:01:47.759,23,262144,24.710,32.050,26.372,1.001,26.043,0.049,16.610,209.220,8.871
18:01:50.002,23,1048576,62.820,74.530,65.231,1.188,64.858,0.060,53.834,216.970,9.718

18:01:54.156,24,1,12.540,60.070,13.589,1.751,13.256,0.049,2158.844,220.350,8.412
18:01:56.313,24,4,11.190,18.920,12.379,0.864,12.055,0.050,1.402,211.540,8.238
18:01:58.462,24,16,12.390,21.190,13.649,0.896,13.309,0.065,1.392,213.500,9.065
18:02:00.611,24,64,12.490,21.220,13.727,0.873,13.407,0.049,1.949,215.540,8.473
18:02:02.758,24,256,12.550,20.860,13.833,0.815,13.509,0.049,2.011,212.010,8.646
18:02:04.906,24,1024,12.510,30.600,13.783,1.042,13.440,0.050,2.127,215.030,7.707
18:02:07.055,24,4096,12.710,22.300,13.728,0.873,13.402,0.049,2.598,217.600,9.432
18:02:09.202,24,16384,11.890,20.460,13.225,0.878,12.899,0.049,3.626,214.030,8.228
18:02:11.357,24,65536,14.110,23.210,15.456,0.952,15.132,0.050,7.748,215.970,9.055
18:02:13.529,24,262144,24.800,33.070,26.419,1.076,26.089,0.049,17.381,211.100,8.238
18:02:15.772,24,1048576,61.650,82.730,64.385,1.492,64.012,0.061,54.947,216.650,7.810

18:02:17.790,25,1,12.320,30.250,13.798,1.089,13.464,0.049,1.359,214.440,8.146
18:02:19.937,25,4,12.030,23.770,13.000,0.823,12.674,0.049,1.353,210.570,8.749
18:02:22.086,25,16,12.510,20.660,13.758,0.831,13.436,0.049,1.363,216.000,9.147
18:02:24.234,25,64,12.500,29.640,13.741,1.092,13.417,0.049,1.965,212.410,8.330
18:02:26.381,25,256,12.610,27.610,13.483,0.970,13.153,0.049,2.002,216.700,7.993
18:02:28.528,25,1024,11.150,24.730,12.433,0.909,12.102,0.049,2.123,217.250,8.953
18:02:32.813,25,4096,12.130,58.980,13.932,1.759,13.606,0.049,2159.941,216.600,8.115
18:02:34.972,25,16384,11.940,21.780,13.291,0.873,12.962,0.049,3.633,214.660,8.055
18:02:37.129,25,65536,15.520,28.830,16.834,0.917,16.506,0.050,7.381,215.590,8.473
18:02:39.300,25,262144,24.760,41.850,26.463,1.137,26.136,0.050,17.317,222.730,8.177
18:02:41.544,25,1048576,62.810,81.630,65.609,1.519,65.221,0.059,54.744,220.940,8.065

18:02:43.560,26,1,12.060,28.610,13.600,1.104,13.269,0.050,1.359,220.940,9.065
18:02:45.707,26,4,11.160,19.690,12.405,0.924,12.079,0.050,1.379,215.500,8.381
18:02:47.855,26,16,12.510,22.150,13.780,0.869,13.457,0.049,1.412,216.440,9.565
18:02:52.141,26,64,12.050,45.480,13.775,1.449,13.435,0.049,2159.052,212.400,8.065
18:02:54.298,26,256,12.490,23.370,13.775,0.860,13.452,0.049,2.003,215.880,8.391
18:02:56.446,26,1024,12.450,21.100,13.703,0.833,13.380,0.049,2.125,214.290,9.871
18:02:58.594,26,4096,12.200,28.600,13.456,1.004,13.127,0.050,2.580,212.850,9.055
18:03:00.743,26,16384,13.260,29.650,14.774,1.135,14.446,0.049,3.645,211.650,8.238
18:03:02.899,26,65536,15.520,37.770,16.918,1.149,16.591,0.049,7.339,217.660,8.248
18:03:05.068,26,262144,24.660,32.660,26.337,0.939,26.008,0.050,16.597,214.610,9.238
18:03:07.311,26,1048576,62.720,71.600,65.323,1.264,64.952,0.053,53.893,220.960,8.453

18:03:11.465,27,1,12.480,55.340,13.859,1.605,13.531,0.049,2158.393,212.490,8.555
18:03:13.623,27,4,9.950,19.070,12.334,0.881,12.012,0.049,1.378,211.880,10.014
18:03:15.772,27,16,12.560,21.820,13.794,0.894,13.468,0.049,1.362,218.230,9.055
18:03:17.921,27,64,12.430,21.410,13.670,0.841,13.346,0.049,1.967,211.580,8.258
18:03:20.067,27,256,12.470,21.000,13.718,0.859,13.397,0.049,2.000,215.150,8.524
18:03:22.216,27,1024,12.540,30.040,13.841,1.065,13.513,0.049,2.133,215.150,7.748
18:03:24.363,27,4096,12.730,23.000,13.960,0.864,13.630,0.052,2.575,217.710,11.107
18:03:26.512,27,16384,12.940,21.180,14.202,0.835,13.873,0.049,3.588,210.540,7.718
18:03:28.666,27,65536,14.100,22.010,15.409,0.852,15.088,0.050,7.122,210.400,8.789
18:03:30.838,27,262144,24.670,42.040,26.234,1.161,25.907,0.050,17.303,214.780,8.187
18:03:33.081,27,1048576,61.740,72.490,64.569,1.183,64.201,0.051,53.995,210.080,7.768

18:03:35.099,28,1,11.090,19.180,12.333,0.867,12.012,0.049,1.383,221.400,9.269
18:03:37.246,28,4,11.100,19.600,12.351,0.860,12.026,0.049,1.368,216.600,8.258
18:03:39.394,28,16,12.510,21.720,13.851,0.931,13.522,0.049,1.355,216.720,8.361
18:03:41.543,28,64,12.490,22.110,13.698,0.847,13.370,0.050,1.976,216.720,8.483
18:03:43.690,28,256,12.320,21.060,13.712,0.879,13.383,0.049,2.016,218.690,8.350
18:03:45.837,28,1024,12.000,20.800,13.217,0.801,12.897,0.049,2.110,207.910,7.901
18:03:50.122,28,4096,12.740,48.830,14.120,1.488,13.792,0.050,2159.844,218.420,8.187
18:03:52.283,28,16384,13.310,21.830,14.680,0.946,14.358,0.049,3.614,211.530,9.106
18:03:54.439,28,65536,15.500,24.760,16.886,0.962,16.557,0.050,7.880,222.340,8.167
18:03:56.608,28,262144,24.850,42.850,26.469,1.222,26.143,0.050,16.393,214.030,9.116
18:03:58.850,28,1048576,61.360,71.940,63.964,1.419,63.592,0.059,53.790,212.450,8.187

18:04:00.871,29,1,12.520,20.910,13.753,0.863,13.429,0.049,1.399,212.590,8.085
18:04:03.017,29,4,12.540,22.380,13.775,0.878,13.446,0.049,1.378,214.010,8.585
18:04:05.167,29,16,10.680,22.660,13.789,0.990,13.458,0.050,1.362,214.010,8.657
18:04:09.448,29,64,12.560,52.630,13.621,1.531,13.289,0.050,2159.241,217.020,8.146
18:04:11.607,29,256,12.510,21.110,13.798,0.856,13.470,0.049,1.984,218.480,9.596
18:04:13.756,29,1024,12.570,30.040,13.480,0.920,13.154,0.050,2.121,215.810,9.024
18:04:15.903,29,4096,11.400,22.840,12.677,0.929,12.355,0.049,2.576,217.900,9.218
18:04:18.051,29,16384,11.960,22.840,13.339,0.967,13.010,0.050,3.287,213.530,8.115
18:04:20.207,29,65536,15.040,23.430,16.367,0.830,16.045,0.050,7.622,212.500,7.503
18:04:22.377,29,262144,24.780,37.800,26.381,1.063,26.059,0.049,16.714,212.730,9.473
18:04:24.620,29,1048576,61.380,70.840,63.686,1.425,63.312,0.060,53.888,215.270,8.340

18:04:28.775,30,1,12.480,59.130,13.728,1.872,13.398,0.049,2158.533,205.010,8.688
18:04:30.935,30,4,12.530,26.500,13.829,0.966,13.503,0.049,1.397,219.240,8.320
18:04:33.082,30,16,12.550,20.980,13.783,0.857,13.457,0.049,1.373,217.780,8.248
18:04:35.229,30,64,12.500,20.500,13.723,0.831,13.396,0.050,1.948,215.980,9.422
18:04:37.377,30,256,12.540,21.380,13.605,0.865,13.280,0.050,2.040,213.640,9.055
18:04:39.525,30,1024,12.520,21.830,13.785,0.829,13.460,0.049,2.137,213.920,8.075
18:04:41.673,30,4096,11.380,19.740,12.635,0.887,12.314,0.049,2.560,220.660,8.095
18:04:43.823,30,16384,13.230,22.600,14.701,0.923,14.370,0.052,3.620,220.890,8.340
18:04:45.978,30,65536,15.510,23.000,16.831,0.813,16.500,0.050,7.793,215.900,9.463
18:04:48.148,30,262144,24.340,47.070,26.217,1.381,25.886,0.049,17.300,220.670,8.085
18:04:50.391,30,1048576,62.210,85.490,64.584,1.374,64.197,0.060,54.192,214.390,8.085

